2026-09-06 21:24:22  KONSTRUKTOR START v1.0.0 NEXUS RELEASE
2026-09-06 21:24:22  USER SETTINGS SAVED | Language=EN | Volume=45 | Duck=70 | Hold=1800ms | Fade=900ms | RadioMax=70 | YTMax=55 | Favorites=0
2026-09-06 21:24:22  YT VOLUME PROFILE V1 | Max=55 | Curve=1.55 | smooth mixer enabled
2026-09-06 21:24:22  INI loaded | Stations=61 | Start=0 | Categories=10 | Favorites=0
2026-09-06 21:24:22  MINECRAFT BLOCK ASSET READY | C:\Program Files\Rockstar Games\Neuer Ordner\Grand Theft Auto V Enhanced\scripts\InternetRadio\MinecraftGrassBlock.png
2026-09-06 21:24:22  SAKURA ZEN MOTIF READY | C:\Program Files\Rockstar Games\Neuer Ordner\Grand Theft Auto V Enhanced\scripts\InternetRadio\SakuraZenMotif.png
2026-09-06 21:24:22.612  EXTERNAL AUDIO HELPER START | PID=9232
2026-09-06 21:24:22.629  YOUTUBE BRIDGE START | PID=12772
2026-09-06 21:24:22  Initialisierung komplett | Sender=61
2026-09-06 21:28:27  MENU SLOW MOTION ON | TimeScale=0.45
2026-09-06 21:28:27  MENU OPEN SOUND | SELECT | HUD_FRONTEND_DEFAULT_SOUNDSET
2026-09-06 21:34:23  KONSTRUKTOR START v1.0.0 NEXUS RELEASE
2026-09-06 21:34:23  USER SETTINGS LOADED | Language=EN | Volume=45 | Duck=70 | Hold=1800ms | Fade=900ms | RadioMax=70 | YTMax=55 | Skin=MODERN GREEN | Favorites=0
2026-09-06 21:34:23  INI loaded | Stations=61 | Start=0 | Categories=10 | Favorites=0
2026-09-06 21:34:23  MINECRAFT BLOCK ASSET READY | C:\Program Files\Rockstar Games\Neuer Ordner\Grand Theft Auto V Enhanced\scripts\InternetRadio\MinecraftGrassBlock.png
2026-09-06 21:34:23  SAKURA ZEN MOTIF READY | C:\Program Files\Rockstar Games\Neuer Ordner\Grand Theft Auto V Enhanced\scripts\InternetRadio\SakuraZenMotif.png
2026-09-06 21:34:23.776  EXTERNAL AUDIO HELPER START | PID=4268
2026-09-06 21:34:23.791  YOUTUBE BRIDGE START | PID=22104
2026-09-06 21:34:23  Initialisierung komplett | Sender=61
2026-09-06 21:34:57.057  EXTERNAL CMD QUEUED PLAY | Sequence=1 | Volume=29
2026-09-06 21:34:57  VOLUME MAP | UI=45% -> Player=29%
2026-09-06 21:34:57  PLAY 1LIVE Hip Hop & RnB | https://wdr-1live-hiphoprnb.icecast.wdr.de/wdr/1live/hiphoprnb/mp3/128/stream.mp3
2026-09-06 21:34:58  METADATA | 1LIVE - R
2026-09-06 21:34:59.730  EXTERNAL CMD QUEUED VOLUME | Sequence=2 | Volume=28
2026-09-06 21:34:59  VOLUME MAP | UI=43% -> Player=28%
2026-09-06 21:34:59  RADIO VOLUME 43
2026-09-06 21:35:00.116  EXTERNAL CMD QUEUED VOLUME | Sequence=3 | Volume=26
2026-09-06 21:35:00  VOLUME MAP | UI=41% -> Player=26%
2026-09-06 21:35:00  RADIO VOLUME 41
2026-09-06 21:35:00.248  EXTERNAL CMD QUEUED VOLUME | Sequence=4 | Volume=25
2026-09-06 21:35:00  VOLUME MAP | UI=39% -> Player=25%
2026-09-06 21:35:00  RADIO VOLUME 39
2026-09-06 21:35:00.381  EXTERNAL CMD QUEUED VOLUME | Sequence=5 | Volume=23
2026-09-06 21:35:00  VOLUME MAP | UI=37% -> Player=23%
2026-09-06 21:35:00  RADIO VOLUME 37
2026-09-06 21:35:00.513  EXTERNAL CMD QUEUED VOLUME | Sequence=6 | Volume=22
2026-09-06 21:35:00  VOLUME MAP | UI=35% -> Player=22%
2026-09-06 21:35:00  RADIO VOLUME 35
2026-09-06 21:35:00.646  EXTERNAL CMD QUEUED VOLUME | Sequence=7 | Volume=21
2026-09-06 21:35:00  VOLUME MAP | UI=33% -> Player=21%
2026-09-06 21:35:00  RADIO VOLUME 33
2026-09-06 21:35:00.779  EXTERNAL CMD QUEUED VOLUME | Sequence=8 | Volume=19
2026-09-06 21:35:00  VOLUME MAP | UI=31% -> Player=19%
2026-09-06 21:35:00  RADIO VOLUME 31
2026-09-06 21:35:00.913  EXTERNAL CMD QUEUED VOLUME | Sequence=9 | Volume=18
2026-09-06 21:35:00  VOLUME MAP | UI=29% -> Player=18%
2026-09-06 21:35:00  RADIO VOLUME 29
2026-09-06 21:35:01.046  EXTERNAL CMD QUEUED VOLUME | Sequence=10 | Volume=17
2026-09-06 21:35:01  VOLUME MAP | UI=27% -> Player=17%
2026-09-06 21:35:01  RADIO VOLUME 27
2026-09-06 21:35:01.177  EXTERNAL CMD QUEUED VOLUME | Sequence=11 | Volume=15
2026-09-06 21:35:01  VOLUME MAP | UI=25% -> Player=15%
2026-09-06 21:35:01  RADIO VOLUME 25
2026-09-06 21:35:01.309  EXTERNAL CMD QUEUED VOLUME | Sequence=12 | Volume=14
2026-09-06 21:35:01  VOLUME MAP | UI=23% -> Player=14%
2026-09-06 21:35:01  RADIO VOLUME 23
2026-09-06 21:35:01.442  EXTERNAL CMD QUEUED VOLUME | Sequence=13 | Volume=13
2026-09-06 21:35:01  VOLUME MAP | UI=21% -> Player=13%
2026-09-06 21:35:01  RADIO VOLUME 21
2026-09-06 21:35:01.574  EXTERNAL CMD QUEUED VOLUME | Sequence=14 | Volume=11
2026-09-06 21:35:01  VOLUME MAP | UI=19% -> Player=11%
2026-09-06 21:35:01  RADIO VOLUME 19
2026-09-06 21:35:01.709  EXTERNAL CMD QUEUED VOLUME | Sequence=15 | Volume=10
2026-09-06 21:35:01  VOLUME MAP | UI=17% -> Player=10%
2026-09-06 21:35:01  RADIO VOLUME 17
2026-09-06 21:35:01.841  EXTERNAL CMD QUEUED VOLUME | Sequence=16 | Volume=9
2026-09-06 21:35:01  VOLUME MAP | UI=15% -> Player=9%
2026-09-06 21:35:01  RADIO VOLUME 15
2026-09-06 21:35:01.975  EXTERNAL CMD QUEUED VOLUME | Sequence=17 | Volume=7
2026-09-06 21:35:01  VOLUME MAP | UI=13% -> Player=7%
2026-09-06 21:35:01  RADIO VOLUME 13
2026-09-06 21:35:02  USER SETTINGS SAVED | Language=EN | Volume=13 | Duck=70 | Hold=1800ms | Fade=900ms | RadioMax=70 | YTMax=55 | Favorites=0
2026-09-06 21:35:37.208  EXTERNAL CMD QUEUED PLAY | Sequence=18 | Volume=7
2026-09-06 21:35:37  VOLUME MAP | UI=13% -> Player=7%
2026-09-06 21:35:37  PLAY YOU FM | https://dispatcher.rndfnk.com/hr/youfm/live/mp3/high
2026-09-06 21:35:37  METADATA | 1LIVE - R
2026-09-06 21:35:38  METADATA | One-T & Cool-T - The magic key
2026-09-06 21:35:54.557  EXTERNAL CMD QUEUED VOLUME | Sequence=19 | Volume=7
2026-09-06 21:35:54  VOLUME MAP | UI=12% -> Player=7%
2026-09-06 21:35:54  DUCK FADE IN | DIALOG | Hold=1800ms | Attack=350ms
2026-09-06 21:35:54.688  EXTERNAL CMD QUEUED VOLUME | Sequence=20 | Volume=6
2026-09-06 21:35:54  VOLUME MAP | UI=10% -> Player=6%
2026-09-06 21:35:54.818  EXTERNAL CMD QUEUED VOLUME | Sequence=21 | Volume=5
2026-09-06 21:35:54  VOLUME MAP | UI=9% -> Player=5%
2026-09-06 21:35:57.739  EXTERNAL CMD QUEUED VOLUME | Sequence=22 | Volume=6
2026-09-06 21:35:57  VOLUME MAP | UI=10% -> Player=6%
2026-09-06 21:35:57.887  EXTERNAL CMD QUEUED VOLUME | Sequence=23 | Volume=6
2026-09-06 21:35:57  VOLUME MAP | UI=10% -> Player=6%
2026-09-06 21:35:58.035  EXTERNAL CMD QUEUED VOLUME | Sequence=24 | Volume=6
2026-09-06 21:35:58  VOLUME MAP | UI=11% -> Player=6%
2026-09-06 21:35:58.162  EXTERNAL CMD QUEUED VOLUME | Sequence=25 | Volume=7
2026-09-06 21:35:58  VOLUME MAP | UI=12% -> Player=7%
2026-09-06 21:35:58.288  EXTERNAL CMD QUEUED VOLUME | Sequence=26 | Volume=7
2026-09-06 21:35:58  VOLUME MAP | UI=12% -> Player=7%
2026-09-06 21:35:58.415  EXTERNAL CMD QUEUED VOLUME | Sequence=27 | Volume=7
2026-09-06 21:35:58  VOLUME MAP | UI=13% -> Player=7%
2026-09-06 21:35:58.544  EXTERNAL CMD QUEUED VOLUME | Sequence=28 | Volume=7
2026-09-06 21:35:58  VOLUME MAP | UI=13% -> Player=7%
2026-09-06 21:35:58  DUCK FADE OUT COMPLETE
2026-09-06 21:36:18  METADATA | Topic x Carteblanche - Lucky ones
2026-09-06 21:36:41.120  EXTERNAL CMD QUEUED VOLUME | Sequence=29 | Volume=6
2026-09-06 21:36:41  VOLUME MAP | UI=11% -> Player=6%
2026-09-06 21:36:41  DUCK FADE IN | DIALOG | Hold=1800ms | Attack=350ms
2026-09-06 21:36:41.261  EXTERNAL CMD QUEUED VOLUME | Sequence=30 | Volume=6
2026-09-06 21:36:41  VOLUME MAP | UI=10% -> Player=6%
2026-09-06 21:36:41.401  EXTERNAL CMD QUEUED VOLUME | Sequence=31 | Volume=5
2026-09-06 21:36:41  VOLUME MAP | UI=9% -> Player=5%
2026-09-06 21:36:48.412  EXTERNAL CMD QUEUED STOP | Sequence=32 | Volume=0
2026-09-06 21:37:20.214  EXTERNAL CMD QUEUED PLAY | Sequence=33 | Volume=7
2026-09-06 21:37:20  VOLUME MAP | UI=13% -> Player=7%
2026-09-06 21:37:20  PLAY YOU FM | https://dispatcher.rndfnk.com/hr/youfm/live/mp3/high
2026-09-06 21:37:20.216  EXTERNAL CMD QUEUED VOLUME | Sequence=34 | Volume=6
2026-09-06 21:37:20  VOLUME MAP | UI=10% -> Player=6%
2026-09-06 21:37:20  DUCK FADE IN | DIALOG | Hold=1800ms | Attack=350ms
2026-09-06 21:37:20  METADATA | DASDING vom hr
2026-09-06 21:37:20.351  EXTERNAL CMD QUEUED VOLUME | Sequence=35 | Volume=5
2026-09-06 21:37:20  VOLUME MAP | UI=9% -> Player=5%
2026-09-06 21:37:21  METADATA | Topic x Carteblanche - Lucky ones
2026-09-06 21:37:25.878  EXTERNAL CMD QUEUED VOLUME | Sequence=36 | Volume=6
2026-09-06 21:37:25  VOLUME MAP | UI=10% -> Player=6%
2026-09-06 21:37:26.029  EXTERNAL CMD QUEUED VOLUME | Sequence=37 | Volume=6
2026-09-06 21:37:26  VOLUME MAP | UI=10% -> Player=6%
2026-09-06 21:37:26.158  EXTERNAL CMD QUEUED VOLUME | Sequence=38 | Volume=6
2026-09-06 21:37:26  VOLUME MAP | UI=11% -> Player=6%
2026-09-06 21:37:26.288  EXTERNAL CMD QUEUED PLAY | Sequence=39 | Volume=5
2026-09-06 21:37:26  VOLUME MAP | UI=9% -> Player=5%
2026-09-06 21:37:26  PLAY bigFM | https://stream.bigfm.de/deutschland/mp3-128/private
2026-09-06 21:37:26.289  EXTERNAL CMD QUEUED VOLUME | Sequence=40 | Volume=7
2026-09-06 21:37:26  VOLUME MAP | UI=12% -> Player=7%
2026-09-06 21:37:26  METADATA | Topic x Carteblanche - Lucky ones
2026-09-06 21:37:26.415  EXTERNAL CMD QUEUED VOLUME | Sequence=41 | Volume=7
2026-09-06 21:37:26  VOLUME MAP | UI=12% -> Player=7%
2026-09-06 21:37:26.527  EXTERNAL CMD QUEUED VOLUME | Sequence=42 | Volume=7
2026-09-06 21:37:26  VOLUME MAP | UI=13% -> Player=7%
2026-09-06 21:37:26.676  EXTERNAL CMD QUEUED VOLUME | Sequence=43 | Volume=7
2026-09-06 21:37:26  VOLUME MAP | UI=13% -> Player=7%
2026-09-06 21:37:26  DUCK FADE OUT COMPLETE
2026-09-06 21:37:27  METADATA | private
2026-09-06 21:37:30.082  EXTERNAL CMD QUEUED VOLUME | Sequence=44 | Volume=7
2026-09-06 21:37:30  VOLUME MAP | UI=12% -> Player=7%
2026-09-06 21:37:30  DUCK FADE IN | DIALOG | Hold=1800ms | Attack=350ms
2026-09-06 21:37:30.209  EXTERNAL CMD QUEUED VOLUME | Sequence=45 | Volume=6
2026-09-06 21:37:30  VOLUME MAP | UI=10% -> Player=6%
2026-09-06 21:37:30.338  EXTERNAL CMD QUEUED VOLUME | Sequence=46 | Volume=5
2026-09-06 21:37:30  VOLUME MAP | UI=9% -> Player=5%
2026-09-06 21:37:34.301  EXTERNAL CMD QUEUED PLAY | Sequence=47 | Volume=5
2026-09-06 21:37:34  VOLUME MAP | UI=9% -> Player=5%
2026-09-06 21:37:34  PLAY HOT 97 New York | https://27033.live.streamtheworld.com/WQHTFM.mp3
2026-09-06 21:37:34.303  EXTERNAL CMD QUEUED VOLUME | Sequence=48 | Volume=6
2026-09-06 21:37:34  VOLUME MAP | UI=10% -> Player=6%
2026-09-06 21:37:34  METADATA | private
2026-09-06 21:37:34.432  EXTERNAL CMD QUEUED VOLUME | Sequence=49 | Volume=6
2026-09-06 21:37:34  VOLUME MAP | UI=10% -> Player=6%
2026-09-06 21:37:34.559  EXTERNAL CMD QUEUED VOLUME | Sequence=50 | Volume=6
2026-09-06 21:37:34  VOLUME MAP | UI=11% -> Player=6%
2026-09-06 21:37:34.684  EXTERNAL CMD QUEUED VOLUME | Sequence=51 | Volume=6
2026-09-06 21:37:34  VOLUME MAP | UI=11% -> Player=6%
2026-09-06 21:37:34.811  EXTERNAL CMD QUEUED VOLUME | Sequence=52 | Volume=7
2026-09-06 21:37:34  VOLUME MAP | UI=12% -> Player=7%
2026-09-06 21:37:34.938  EXTERNAL CMD QUEUED VOLUME | Sequence=53 | Volume=7
2026-09-06 21:37:34  VOLUME MAP | UI=12% -> Player=7%
2026-09-06 21:37:35.065  EXTERNAL CMD QUEUED VOLUME | Sequence=54 | Volume=7
2026-09-06 21:37:35  VOLUME MAP | UI=13% -> Player=7%
2026-09-06 21:37:35  DUCK FADE OUT COMPLETE
2026-09-06 21:37:35.193  EXTERNAL CMD QUEUED VOLUME | Sequence=55 | Volume=7
2026-09-06 21:37:35  VOLUME MAP | UI=13% -> Player=7%
2026-09-06 21:37:36  METADATA | WQHTFM
2026-09-06 21:38:05.188  EXTERNAL CMD QUEUED VOLUME | Sequence=56 | Volume=6
2026-09-06 21:38:05  VOLUME MAP | UI=11% -> Player=6%
2026-09-06 21:38:05  DUCK FADE IN | DIALOG | Hold=1800ms | Attack=350ms
2026-09-06 21:38:05.334  EXTERNAL CMD QUEUED VOLUME | Sequence=57 | Volume=6
2026-09-06 21:38:05  VOLUME MAP | UI=10% -> Player=6%
2026-09-06 21:38:05.479  EXTERNAL CMD QUEUED VOLUME | Sequence=58 | Volume=5
2026-09-06 21:38:05  VOLUME MAP | UI=9% -> Player=5%
2026-09-06 21:38:08.876  EXTERNAL CMD QUEUED VOLUME | Sequence=59 | Volume=6
2026-09-06 21:38:08  VOLUME MAP | UI=10% -> Player=6%
2026-09-06 21:38:09.008  EXTERNAL CMD QUEUED VOLUME | Sequence=60 | Volume=6
2026-09-06 21:38:09  VOLUME MAP | UI=10% -> Player=6%
2026-09-06 21:38:09.139  EXTERNAL CMD QUEUED VOLUME | Sequence=61 | Volume=6
2026-09-06 21:38:09  VOLUME MAP | UI=11% -> Player=6%
2026-09-06 21:38:09.272  EXTERNAL CMD QUEUED VOLUME | Sequence=62 | Volume=6
2026-09-06 21:38:09  VOLUME MAP | UI=11% -> Player=6%
2026-09-06 21:38:09.406  EXTERNAL CMD QUEUED VOLUME | Sequence=63 | Volume=7
2026-09-06 21:38:09  VOLUME MAP | UI=12% -> Player=7%
2026-09-06 21:38:09.539  EXTERNAL CMD QUEUED VOLUME | Sequence=64 | Volume=7
2026-09-06 21:38:09  VOLUME MAP | UI=13% -> Player=7%
2026-09-06 21:38:09.672  EXTERNAL CMD QUEUED VOLUME | Sequence=65 | Volume=7
2026-09-06 21:38:09  VOLUME MAP | UI=13% -> Player=7%
2026-09-06 21:38:09  DUCK FADE OUT COMPLETE
2026-09-06 21:38:25.868  EXTERNAL CMD QUEUED VOLUME | Sequence=66 | Volume=7
2026-09-06 21:38:25  VOLUME MAP | UI=12% -> Player=7%
2026-09-06 21:38:25  DUCK FADE IN | DIALOG | Hold=1800ms | Attack=350ms
2026-09-06 21:38:25.999  EXTERNAL CMD QUEUED VOLUME | Sequence=67 | Volume=6
2026-09-06 21:38:25  VOLUME MAP | UI=10% -> Player=6%
2026-09-06 21:38:26.137  EXTERNAL CMD QUEUED VOLUME | Sequence=68 | Volume=5
2026-09-06 21:38:26  VOLUME MAP | UI=9% -> Player=5%
2026-09-06 21:38:28.454  EXTERNAL CMD QUEUED VOLUME | Sequence=69 | Volume=6
2026-09-06 21:38:28  VOLUME MAP | UI=10% -> Player=6%
2026-09-06 21:38:28.586  EXTERNAL CMD QUEUED VOLUME | Sequence=70 | Volume=6
2026-09-06 21:38:28  VOLUME MAP | UI=10% -> Player=6%
2026-09-06 21:38:28.718  EXTERNAL CMD QUEUED VOLUME | Sequence=71 | Volume=6
2026-09-06 21:38:28  VOLUME MAP | UI=11% -> Player=6%
2026-09-06 21:38:28.851  EXTERNAL CMD QUEUED VOLUME | Sequence=72 | Volume=6
2026-09-06 21:38:28  VOLUME MAP | UI=11% -> Player=6%
2026-09-06 21:38:28.985  EXTERNAL CMD QUEUED VOLUME | Sequence=73 | Volume=7
2026-09-06 21:38:28  VOLUME MAP | UI=12% -> Player=7%
2026-09-06 21:38:29.120  EXTERNAL CMD QUEUED VOLUME | Sequence=74 | Volume=7
2026-09-06 21:38:29  VOLUME MAP | UI=13% -> Player=7%
2026-09-06 21:38:29.254  EXTERNAL CMD QUEUED VOLUME | Sequence=75 | Volume=7
2026-09-06 21:38:29  VOLUME MAP | UI=13% -> Player=7%
2026-09-06 21:38:29  DUCK FADE OUT COMPLETE
2026-09-06 21:38:35.139  EXTERNAL CMD QUEUED STOP | Sequence=76 | Volume=0
2026-09-06 21:38:52.951  EXTERNAL CMD QUEUED PLAY | Sequence=77 | Volume=7
2026-09-06 21:38:52  VOLUME MAP | UI=13% -> Player=7%
2026-09-06 21:38:52  PLAY HOT 97 New York | https://27033.live.streamtheworld.com/WQHTFM.mp3
2026-09-06 21:38:52  METADATA | WQHTFM
2026-09-06 21:38:57.664  EXTERNAL CMD QUEUED VOLUME | Sequence=78 | Volume=7
2026-09-06 21:38:57  VOLUME MAP | UI=12% -> Player=7%
2026-09-06 21:38:57  DUCK FADE IN | ANRUF | Hold=1800ms | Attack=350ms
2026-09-06 21:38:57.785  EXTERNAL CMD QUEUED VOLUME | Sequence=79 | Volume=6
2026-09-06 21:38:57  VOLUME MAP | UI=10% -> Player=6%
2026-09-06 21:38:57.905  EXTERNAL CMD QUEUED VOLUME | Sequence=80 | Volume=5
2026-09-06 21:38:57  VOLUME MAP | UI=9% -> Player=5%
2026-09-06 21:39:13.342  EXTERNAL CMD QUEUED VOLUME | Sequence=81 | Volume=6
2026-09-06 21:39:13  VOLUME MAP | UI=10% -> Player=6%
2026-09-06 21:39:13.478  EXTERNAL CMD QUEUED VOLUME | Sequence=82 | Volume=6
2026-09-06 21:39:13  VOLUME MAP | UI=10% -> Player=6%
2026-09-06 21:39:13.614  EXTERNAL CMD QUEUED VOLUME | Sequence=83 | Volume=6
2026-09-06 21:39:13  VOLUME MAP | UI=11% -> Player=6%
2026-09-06 21:39:13.749  EXTERNAL CMD QUEUED VOLUME | Sequence=84 | Volume=6
2026-09-06 21:39:13  VOLUME MAP | UI=11% -> Player=6%
2026-09-06 21:39:13.883  EXTERNAL CMD QUEUED VOLUME | Sequence=85 | Volume=7
2026-09-06 21:39:13  VOLUME MAP | UI=12% -> Player=7%
2026-09-06 21:39:14.017  EXTERNAL CMD QUEUED VOLUME | Sequence=86 | Volume=7
2026-09-06 21:39:14  VOLUME MAP | UI=13% -> Player=7%
2026-09-06 21:39:14.152  EXTERNAL CMD QUEUED VOLUME | Sequence=87 | Volume=7
2026-09-06 21:39:14  VOLUME MAP | UI=13% -> Player=7%
2026-09-06 21:39:14  DUCK FADE OUT COMPLETE
2026-09-06 21:39:16.319  EXTERNAL CMD QUEUED VOLUME | Sequence=88 | Volume=6
2026-09-06 21:39:16  VOLUME MAP | UI=11% -> Player=6%
2026-09-06 21:39:16  DUCK FADE IN | DIALOG | Hold=1800ms | Attack=350ms
2026-09-06 21:39:16.459  EXTERNAL CMD QUEUED VOLUME | Sequence=89 | Volume=6
2026-09-06 21:39:16  VOLUME MAP | UI=10% -> Player=6%
2026-09-06 21:39:16.599  EXTERNAL CMD QUEUED VOLUME | Sequence=90 | Volume=5
2026-09-06 21:39:16  VOLUME MAP | UI=9% -> Player=5%
2026-09-06 21:39:32.197  EXTERNAL CMD QUEUED VOLUME | Sequence=91 | Volume=6
2026-09-06 21:39:32  VOLUME MAP | UI=10% -> Player=6%
2026-09-06 21:39:32.340  EXTERNAL CMD QUEUED VOLUME | Sequence=92 | Volume=6
2026-09-06 21:39:32  VOLUME MAP | UI=10% -> Player=6%
2026-09-06 21:39:32.484  EXTERNAL CMD QUEUED VOLUME | Sequence=93 | Volume=6
2026-09-06 21:39:32  VOLUME MAP | UI=11% -> Player=6%
2026-09-06 21:39:32.629  EXTERNAL CMD QUEUED VOLUME | Sequence=94 | Volume=7
2026-09-06 21:39:32  VOLUME MAP | UI=12% -> Player=7%
2026-09-06 21:39:32.771  EXTERNAL CMD QUEUED VOLUME | Sequence=95 | Volume=7
2026-09-06 21:39:32  VOLUME MAP | UI=12% -> Player=7%
2026-09-06 21:39:32.910  EXTERNAL CMD QUEUED VOLUME | Sequence=96 | Volume=7
2026-09-06 21:39:32  VOLUME MAP | UI=13% -> Player=7%
2026-09-06 21:39:33.047  EXTERNAL CMD QUEUED VOLUME | Sequence=97 | Volume=7
2026-09-06 21:39:33  VOLUME MAP | UI=13% -> Player=7%
2026-09-06 21:39:33  DUCK FADE OUT COMPLETE
2026-09-06 21:39:33.857  EXTERNAL CMD QUEUED STOP | Sequence=98 | Volume=0
2026-09-06 21:43:40.328  EXTERNAL CMD QUEUED PLAY | Sequence=99 | Volume=7
2026-09-06 21:43:40  VOLUME MAP | UI=13% -> Player=7%
2026-09-06 21:43:40  PLAY HOT 97 New York | https://27033.live.streamtheworld.com/WQHTFM.mp3
2026-09-06 21:43:40  METADATA | WQHTFM
2026-09-06 21:43:42.796  EXTERNAL CMD QUEUED PLAY | Sequence=100 | Volume=7
2026-09-06 21:43:42  VOLUME MAP | UI=13% -> Player=7%
2026-09-06 21:43:42  PLAY Capital XTRA UK | https://media-ssl.musicradio.com/CapitalXTRANationalMP3
2026-09-06 21:43:42  METADATA | WQHTFM
2026-09-06 21:43:43  METADATA | SUMMER BANTON - Problematic [RK Clean]
2026-09-06 21:43:48.255  EXTERNAL CMD QUEUED STOP | Sequence=101 | Volume=0
2026-09-06 21:43:52.876  EXTERNAL CMD QUEUED PLAY | Sequence=102 | Volume=7
2026-09-06 21:43:52  VOLUME MAP | UI=13% -> Player=7%
2026-09-06 21:43:52  PLAY Capital XTRA UK | https://media-ssl.musicradio.com/CapitalXTRANationalMP3
2026-09-06 21:43:53  METADATA | SUMMER BANTON - Problematic [RK Clean]
2026-09-06 21:43:55.818  EXTERNAL CMD QUEUED PLAY | Sequence=103 | Volume=7
2026-09-06 21:43:55  VOLUME MAP | UI=13% -> Player=7%
2026-09-06 21:43:55  PLAY NPO FunX | https://icecast.omroep.nl/funx-bb-mp3
2026-09-06 21:43:55  METADATA | SUMMER BANTON - Problematic [RK Clean]
2026-09-06 21:43:56.183  EXTERNAL CMD QUEUED VOLUME | Sequence=104 | Volume=7
2026-09-06 21:43:56  VOLUME MAP | UI=12% -> Player=7%
2026-09-06 21:43:56  DUCK FADE IN | DIALOG | Hold=1800ms | Attack=350ms
2026-09-06 21:43:56.313  EXTERNAL CMD QUEUED VOLUME | Sequence=105 | Volume=6
2026-09-06 21:43:56  VOLUME MAP | UI=10% -> Player=6%
2026-09-06 21:43:56.443  EXTERNAL CMD QUEUED VOLUME | Sequence=106 | Volume=5
2026-09-06 21:43:56  VOLUME MAP | UI=9% -> Player=5%
2026-09-06 21:43:56.571  EXTERNAL CMD QUEUED PLAY | Sequence=107 | Volume=5
2026-09-06 21:43:56  VOLUME MAP | UI=9% -> Player=5%
2026-09-06 21:43:56  PLAY FIP Hip-Hop | https://icecast.radiofrance.fr/fiphiphop-midfi.mp3?id=openapi
2026-09-06 21:43:56  METADATA | SUMMER BANTON - Problematic [RK Clean]
2026-09-06 21:43:56  METADATA | Tayc - N
2026-09-06 21:43:57.403  EXTERNAL CMD QUEUED PLAY | Sequence=108 | Volume=5
2026-09-06 21:43:57  VOLUME MAP | UI=9% -> Player=5%
2026-09-06 21:43:57  PLAY The Hip Hop Lounge | https://streaming.live365.com/a34724
2026-09-06 21:43:57  METADATA | Tayc - N
2026-09-06 21:43:58  METADATA | fiphiphop-midfi
2026-09-06 21:43:58.566  EXTERNAL CMD QUEUED PLAY | Sequence=109 | Volume=5
2026-09-06 21:43:58  VOLUME MAP | UI=9% -> Player=5%
2026-09-06 21:43:58  PLAY Capital XTRA Reloaded | http://media-ice.musicradio.com:80/CapitalXTRAReloadedMP3
2026-09-06 21:43:58  METADATA | fiphiphop-midfi
2026-09-06 21:43:59.520  EXTERNAL CMD QUEUED PLAY | Sequence=110 | Volume=5
2026-09-06 21:43:59  VOLUME MAP | UI=9% -> Player=5%
2026-09-06 21:43:59  PLAY bigFM Oldschool Rap & Hip-Hop | https://stream.bigfm.de/oldschoolrap/mp3-128/stream.bigfm.de/
2026-09-06 21:43:59  METADATA | fiphiphop-midfi
2026-09-06 21:43:59.731  EXTERNAL CMD QUEUED VOLUME | Sequence=111 | Volume=6
2026-09-06 21:43:59  VOLUME MAP | UI=10% -> Player=6%
2026-09-06 21:43:59.837  EXTERNAL CMD QUEUED VOLUME | Sequence=112 | Volume=6
2026-09-06 21:43:59  VOLUME MAP | UI=10% -> Player=6%
2026-09-06 21:43:59.943  EXTERNAL CMD QUEUED VOLUME | Sequence=113 | Volume=6
2026-09-06 21:43:59  VOLUME MAP | UI=10% -> Player=6%
2026-09-06 21:44:00.049  EXTERNAL CMD QUEUED VOLUME | Sequence=114 | Volume=6
2026-09-06 21:44:00  VOLUME MAP | UI=11% -> Player=6%
2026-09-06 21:44:00.153  EXTERNAL CMD QUEUED VOLUME | Sequence=115 | Volume=6
2026-09-06 21:44:00  VOLUME MAP | UI=11% -> Player=6%
2026-09-06 21:44:00.260  EXTERNAL CMD QUEUED VOLUME | Sequence=116 | Volume=7
2026-09-06 21:44:00  VOLUME MAP | UI=12% -> Player=7%
2026-09-06 21:44:00.367  EXTERNAL CMD QUEUED VOLUME | Sequence=117 | Volume=7
2026-09-06 21:44:00  VOLUME MAP | UI=12% -> Player=7%
2026-09-06 21:44:00.472  EXTERNAL CMD QUEUED VOLUME | Sequence=118 | Volume=7
2026-09-06 21:44:00  VOLUME MAP | UI=13% -> Player=7%
2026-09-06 21:44:00  METADATA | Nas - Not Going Back
2026-09-06 21:44:00.578  EXTERNAL CMD QUEUED VOLUME | Sequence=119 | Volume=7
2026-09-06 21:44:00  VOLUME MAP | UI=13% -> Player=7%
2026-09-06 21:44:00  DUCK FADE OUT COMPLETE
2026-09-06 21:44:02  METADATA | stream.bigfm
2026-09-06 21:44:04.043  EXTERNAL CMD QUEUED VOLUME | Sequence=120 | Volume=6
2026-09-06 21:44:04  VOLUME MAP | UI=11% -> Player=6%
2026-09-06 21:44:04  RADIO VOLUME 11
2026-09-06 21:44:04  USER SETTINGS SAVED | Language=EN | Volume=11 | Duck=70 | Hold=1800ms | Fade=900ms | RadioMax=70 | YTMax=55 | Favorites=0
2026-09-06 21:44:04.178  EXTERNAL CMD QUEUED VOLUME | Sequence=121 | Volume=5
2026-09-06 21:44:04  VOLUME MAP | UI=9% -> Player=5%
2026-09-06 21:44:04  RADIO VOLUME 9
2026-09-06 21:44:04  USER SETTINGS SAVED | Language=EN | Volume=9 | Duck=70 | Hold=1800ms | Fade=900ms | RadioMax=70 | YTMax=55 | Favorites=0
2026-09-06 21:44:04.576  EXTERNAL CMD QUEUED VOLUME | Sequence=122 | Volume=4
2026-09-06 21:44:04  VOLUME MAP | UI=7% -> Player=4%
2026-09-06 21:44:04  RADIO VOLUME 7
2026-09-06 21:44:04  USER SETTINGS SAVED | Language=EN | Volume=7 | Duck=70 | Hold=1800ms | Fade=900ms | RadioMax=70 | YTMax=55 | Favorites=0
2026-09-06 21:44:04.852  EXTERNAL CMD QUEUED VOLUME | Sequence=123 | Volume=3
2026-09-06 21:44:04  VOLUME MAP | UI=5% -> Player=3%
2026-09-06 21:44:04  RADIO VOLUME 5
2026-09-06 21:44:04  USER SETTINGS SAVED | Language=EN | Volume=5 | Duck=70 | Hold=1800ms | Fade=900ms | RadioMax=70 | YTMax=55 | Favorites=0
2026-09-06 21:44:05.645  EXTERNAL CMD QUEUED VOLUME | Sequence=124 | Volume=4
2026-09-06 21:44:05  VOLUME MAP | UI=7% -> Player=4%
2026-09-06 21:44:05  RADIO VOLUME 7
2026-09-06 21:44:05  USER SETTINGS SAVED | Language=EN | Volume=7 | Duck=70 | Hold=1800ms | Fade=900ms | RadioMax=70 | YTMax=55 | Favorites=0
2026-09-06 21:44:06.319  EXTERNAL CMD QUEUED PLAY | Sequence=125 | Volume=4
2026-09-06 21:44:06  VOLUME MAP | UI=7% -> Player=4%
2026-09-06 21:44:06  PLAY 80s80s HipHop | https://streams.80s80s.de/hiphop/mp3-128/streams.80s80s.de/
2026-09-06 21:44:06  METADATA | stream.bigfm
2026-09-06 21:44:07  METADATA | streams.80s80s
2026-09-06 21:44:35.215  EXTERNAL CMD QUEUED STOP | Sequence=126 | Volume=0
2026-09-06 21:44:43.381  EXTERNAL CMD QUEUED PLAY | Sequence=127 | Volume=4
2026-09-06 21:44:43  VOLUME MAP | UI=7% -> Player=4%
2026-09-06 21:44:43  PLAY 80s80s HipHop | https://streams.80s80s.de/hiphop/mp3-128/streams.80s80s.de/
2026-09-06 21:44:43  METADATA | streams.80s80s
2026-09-06 21:44:54.181  EXTERNAL CMD QUEUED PLAY | Sequence=128 | Volume=4
2026-09-06 21:44:54  VOLUME MAP | UI=7% -> Player=4%
2026-09-06 21:44:54  PLAY Radio Regenbogen Hip-Hop & RnB | https://stream.regenbogen.de/hiphop_old/mp3-128/stream.regenbogen.de/
2026-09-06 21:44:54  METADATA | streams.80s80s
2026-09-06 21:44:54.740  EXTERNAL CMD QUEUED PLAY | Sequence=129 | Volume=4
2026-09-06 21:44:54  VOLUME MAP | UI=7% -> Player=4%
2026-09-06 21:44:54  PLAY 80s80s HipHop | https://streams.80s80s.de/hiphop/mp3-128/streams.80s80s.de/
2026-09-06 21:44:54  METADATA | streams.80s80s
2026-09-06 21:44:55  METADATA | stream.regenbogen
2026-09-06 21:44:56  METADATA | streams.80s80s
2026-09-06 21:44:58  MENU SLOW MOTION ON | TimeScale=0.45
2026-09-06 21:44:58  MENU OPEN SOUND | SELECT | HUD_FRONTEND_DEFAULT_SOUNDSET
2026-09-06 21:44:58.517  EXTERNAL CMD QUEUED VOLUME | Sequence=130 | Volume=3
2026-09-06 21:44:58  VOLUME MAP | UI=6% -> Player=3%
2026-09-06 21:44:58  DUCK FADE IN | MENUE | Hold=1800ms | Attack=350ms
2026-09-06 21:44:58.624  EXTERNAL CMD QUEUED VOLUME | Sequence=131 | Volume=3
2026-09-06 21:44:58  VOLUME MAP | UI=6% -> Player=3%
2026-09-06 21:44:58.728  EXTERNAL CMD QUEUED VOLUME | Sequence=132 | Volume=3
2026-09-06 21:44:58  VOLUME MAP | UI=5% -> Player=3%
2026-09-06 21:44:58.832  EXTERNAL CMD QUEUED VOLUME | Sequence=133 | Volume=3
2026-09-06 21:44:58  VOLUME MAP | UI=5% -> Player=3%
2026-09-06 21:45:01.277  EXTERNAL CMD QUEUED PLAY | Sequence=134 | Volume=4
2026-09-06 21:45:01  VOLUME MAP | UI=7% -> Player=4%
2026-09-06 21:45:01  PLAY 80s80s HipHop | https://streams.80s80s.de/hiphop/mp3-128/streams.80s80s.de/
2026-09-06 21:45:01.278  EXTERNAL CMD QUEUED VOLUME | Sequence=135 | Volume=4
2026-09-06 21:45:01  VOLUME MAP | UI=7% -> Player=4%
2026-09-06 21:45:01  DUCK FADE IN | MENUE | Hold=1800ms | Attack=350ms
2026-09-06 21:45:01  METADATA | streams.80s80s
2026-09-06 21:45:01.384  EXTERNAL CMD QUEUED VOLUME | Sequence=136 | Volume=3
2026-09-06 21:45:01  VOLUME MAP | UI=6% -> Player=3%
2026-09-06 21:45:01.489  EXTERNAL CMD QUEUED VOLUME | Sequence=137 | Volume=3
2026-09-06 21:45:01  VOLUME MAP | UI=6% -> Player=3%
2026-09-06 21:45:01.599  EXTERNAL CMD QUEUED VOLUME | Sequence=138 | Volume=3
2026-09-06 21:45:01  VOLUME MAP | UI=5% -> Player=3%
2026-09-06 21:45:01.707  EXTERNAL CMD QUEUED VOLUME | Sequence=139 | Volume=3
2026-09-06 21:45:01  VOLUME MAP | UI=5% -> Player=3%
2026-09-06 21:45:05  MENU SLOW MOTION OFF | TimeScale=1.00
2026-09-06 21:45:05  USER SETTINGS SAVED | Language=EN | Volume=7 | Duck=70 | Hold=1800ms | Fade=900ms | RadioMax=70 | YTMax=55 | Favorites=0
2026-09-06 21:45:05.234  EXTERNAL CMD QUEUED VOLUME | Sequence=140 | Volume=3
2026-09-06 21:45:05  VOLUME MAP | UI=5% -> Player=3%
2026-09-06 21:45:05.366  EXTERNAL CMD QUEUED VOLUME | Sequence=141 | Volume=3
2026-09-06 21:45:05  VOLUME MAP | UI=6% -> Player=3%
2026-09-06 21:45:05.498  EXTERNAL CMD QUEUED VOLUME | Sequence=142 | Volume=3
2026-09-06 21:45:05  VOLUME MAP | UI=6% -> Player=3%
2026-09-06 21:45:05.630  EXTERNAL CMD QUEUED VOLUME | Sequence=143 | Volume=3
2026-09-06 21:45:05  VOLUME MAP | UI=6% -> Player=3%
2026-09-06 21:45:05.763  EXTERNAL CMD QUEUED VOLUME | Sequence=144 | Volume=3
2026-09-06 21:45:05  VOLUME MAP | UI=6% -> Player=3%
2026-09-06 21:45:05.894  EXTERNAL CMD QUEUED VOLUME | Sequence=145 | Volume=4
2026-09-06 21:45:05  VOLUME MAP | UI=7% -> Player=4%
2026-09-06 21:45:06.026  EXTERNAL CMD QUEUED VOLUME | Sequence=146 | Volume=4
2026-09-06 21:45:06  VOLUME MAP | UI=7% -> Player=4%
2026-09-06 21:45:06  DUCK FADE OUT COMPLETE
2026-09-06 21:45:38.312  EXTERNAL CMD QUEUED STOP | Sequence=147 | Volume=0
2026-09-06 21:46:07.504  EXTERNAL CMD QUEUED PLAY | Sequence=148 | Volume=4
2026-09-06 21:46:07  VOLUME MAP | UI=7% -> Player=4%
2026-09-06 21:46:07  PLAY 80s80s HipHop | https://streams.80s80s.de/hiphop/mp3-128/streams.80s80s.de/
2026-09-06 21:46:07.506  EXTERNAL CMD QUEUED VOLUME | Sequence=149 | Volume=3
2026-09-06 21:46:07  VOLUME MAP | UI=6% -> Player=3%
2026-09-06 21:46:07  DUCK FADE IN | DIALOG | Hold=1800ms | Attack=350ms
2026-09-06 21:46:07  METADATA | streams.80s80s
2026-09-06 21:46:07.631  EXTERNAL CMD QUEUED VOLUME | Sequence=150 | Volume=3
2026-09-06 21:46:07  VOLUME MAP | UI=5% -> Player=3%
2026-09-06 21:46:29.964  EXTERNAL CMD QUEUED VOLUME | Sequence=151 | Volume=3
2026-09-06 21:46:29  VOLUME MAP | UI=5% -> Player=3%
2026-09-06 21:46:30.110  EXTERNAL CMD QUEUED VOLUME | Sequence=152 | Volume=3
2026-09-06 21:46:30  VOLUME MAP | UI=6% -> Player=3%
2026-09-06 21:46:30.253  EXTERNAL CMD QUEUED VOLUME | Sequence=153 | Volume=3
2026-09-06 21:46:30  VOLUME MAP | UI=6% -> Player=3%
2026-09-06 21:46:30.396  EXTERNAL CMD QUEUED VOLUME | Sequence=154 | Volume=3
2026-09-06 21:46:30  VOLUME MAP | UI=6% -> Player=3%
2026-09-06 21:46:30.540  EXTERNAL CMD QUEUED VOLUME | Sequence=155 | Volume=4
2026-09-06 21:46:30  VOLUME MAP | UI=7% -> Player=4%
2026-09-06 21:46:30.682  EXTERNAL CMD QUEUED VOLUME | Sequence=156 | Volume=4
2026-09-06 21:46:30  VOLUME MAP | UI=7% -> Player=4%
2026-09-06 21:46:30.822  EXTERNAL CMD QUEUED VOLUME | Sequence=157 | Volume=4
2026-09-06 21:46:30  VOLUME MAP | UI=7% -> Player=4%
2026-09-06 21:46:30  DUCK FADE OUT COMPLETE
2026-09-06 21:46:31.947  EXTERNAL CMD QUEUED VOLUME | Sequence=158 | Volume=3
2026-09-06 21:46:31  VOLUME MAP | UI=6% -> Player=3%
2026-09-06 21:46:31  DUCK FADE IN | DIALOG | Hold=1800ms | Attack=350ms
2026-09-06 21:46:32.085  EXTERNAL CMD QUEUED VOLUME | Sequence=159 | Volume=3
2026-09-06 21:46:32  VOLUME MAP | UI=5% -> Player=3%
2026-09-06 21:46:32.226  EXTERNAL CMD QUEUED VOLUME | Sequence=160 | Volume=3
2026-09-06 21:46:32  VOLUME MAP | UI=5% -> Player=3%
2026-09-06 21:46:52.164  EXTERNAL CMD QUEUED VOLUME | Sequence=161 | Volume=3
2026-09-06 21:46:52  VOLUME MAP | UI=5% -> Player=3%
2026-09-06 21:46:52.309  EXTERNAL CMD QUEUED VOLUME | Sequence=162 | Volume=3
2026-09-06 21:46:52  VOLUME MAP | UI=6% -> Player=3%
2026-09-06 21:46:52.454  EXTERNAL CMD QUEUED VOLUME | Sequence=163 | Volume=3
2026-09-06 21:46:52  VOLUME MAP | UI=6% -> Player=3%
2026-09-06 21:46:52.597  EXTERNAL CMD QUEUED VOLUME | Sequence=164 | Volume=3
2026-09-06 21:46:52  VOLUME MAP | UI=6% -> Player=3%
2026-09-06 21:46:52.742  EXTERNAL CMD QUEUED VOLUME | Sequence=165 | Volume=4
2026-09-06 21:46:52  VOLUME MAP | UI=7% -> Player=4%
2026-09-06 21:46:52.888  EXTERNAL CMD QUEUED VOLUME | Sequence=166 | Volume=4
2026-09-06 21:46:52  VOLUME MAP | UI=7% -> Player=4%
2026-09-06 21:46:53.034  EXTERNAL CMD QUEUED VOLUME | Sequence=167 | Volume=4
2026-09-06 21:46:53  VOLUME MAP | UI=7% -> Player=4%
2026-09-06 21:46:53  DUCK FADE OUT COMPLETE
2026-09-06 21:46:55.397  EXTERNAL CMD QUEUED VOLUME | Sequence=168 | Volume=3
2026-09-06 21:46:55  VOLUME MAP | UI=6% -> Player=3%
2026-09-06 21:46:55  DUCK FADE IN | DIALOG | Hold=1800ms | Attack=350ms
2026-09-06 21:46:55.538  EXTERNAL CMD QUEUED VOLUME | Sequence=169 | Volume=3
2026-09-06 21:46:55  VOLUME MAP | UI=5% -> Player=3%
2026-09-06 21:46:55.681  EXTERNAL CMD QUEUED VOLUME | Sequence=170 | Volume=3
2026-09-06 21:46:55  VOLUME MAP | UI=5% -> Player=3%
2026-09-06 21:47:14.136  EXTERNAL CMD QUEUED VOLUME | Sequence=171 | Volume=3
2026-09-06 21:47:14  VOLUME MAP | UI=5% -> Player=3%
2026-09-06 21:47:14.282  EXTERNAL CMD QUEUED VOLUME | Sequence=172 | Volume=3
2026-09-06 21:47:14  VOLUME MAP | UI=6% -> Player=3%
2026-09-06 21:47:14.428  EXTERNAL CMD QUEUED VOLUME | Sequence=173 | Volume=3
2026-09-06 21:47:14  VOLUME MAP | UI=6% -> Player=3%
2026-09-06 21:47:14.574  EXTERNAL CMD QUEUED VOLUME | Sequence=174 | Volume=3
2026-09-06 21:47:14  VOLUME MAP | UI=6% -> Player=3%
2026-09-06 21:47:14.720  EXTERNAL CMD QUEUED VOLUME | Sequence=175 | Volume=4
2026-09-06 21:47:14  VOLUME MAP | UI=7% -> Player=4%
2026-09-06 21:47:14.863  EXTERNAL CMD QUEUED VOLUME | Sequence=176 | Volume=4
2026-09-06 21:47:14  VOLUME MAP | UI=7% -> Player=4%
2026-09-06 21:47:15.004  EXTERNAL CMD QUEUED VOLUME | Sequence=177 | Volume=4
2026-09-06 21:47:15  VOLUME MAP | UI=7% -> Player=4%
2026-09-06 21:47:15  DUCK FADE OUT COMPLETE
2026-09-06 21:47:15.980  EXTERNAL CMD QUEUED VOLUME | Sequence=178 | Volume=3
2026-09-06 21:47:15  VOLUME MAP | UI=6% -> Player=3%
2026-09-06 21:47:15  DUCK FADE IN | DIALOG | Hold=1800ms | Attack=350ms
2026-09-06 21:47:16.120  EXTERNAL CMD QUEUED VOLUME | Sequence=179 | Volume=3
2026-09-06 21:47:16  VOLUME MAP | UI=5% -> Player=3%
2026-09-06 21:47:16.258  EXTERNAL CMD QUEUED VOLUME | Sequence=180 | Volume=3
2026-09-06 21:47:16  VOLUME MAP | UI=5% -> Player=3%
2026-09-06 21:47:19.368  EXTERNAL CMD QUEUED VOLUME | Sequence=181 | Volume=3
2026-09-06 21:47:19  VOLUME MAP | UI=5% -> Player=3%
2026-09-06 21:47:19.502  EXTERNAL CMD QUEUED VOLUME | Sequence=182 | Volume=3
2026-09-06 21:47:19  VOLUME MAP | UI=6% -> Player=3%
2026-09-06 21:47:19.634  EXTERNAL CMD QUEUED VOLUME | Sequence=183 | Volume=3
2026-09-06 21:47:19  VOLUME MAP | UI=6% -> Player=3%
2026-09-06 21:47:19.765  EXTERNAL CMD QUEUED VOLUME | Sequence=184 | Volume=3
2026-09-06 21:47:19  VOLUME MAP | UI=6% -> Player=3%
2026-09-06 21:47:19.896  EXTERNAL CMD QUEUED VOLUME | Sequence=185 | Volume=3
2026-09-06 21:47:19  VOLUME MAP | UI=6% -> Player=3%
2026-09-06 21:47:20.026  EXTERNAL CMD QUEUED VOLUME | Sequence=186 | Volume=4
2026-09-06 21:47:20  VOLUME MAP | UI=7% -> Player=4%
2026-09-06 21:47:20.159  EXTERNAL CMD QUEUED VOLUME | Sequence=187 | Volume=4
2026-09-06 21:47:20  VOLUME MAP | UI=7% -> Player=4%
2026-09-06 21:47:20  DUCK FADE OUT COMPLETE
2026-09-06 21:47:28.317  EXTERNAL CMD QUEUED VOLUME | Sequence=188 | Volume=3
2026-09-06 21:47:28  VOLUME MAP | UI=6% -> Player=3%
2026-09-06 21:47:28  DUCK FADE IN | DIALOG | Hold=1800ms | Attack=350ms
2026-09-06 21:47:28.453  EXTERNAL CMD QUEUED VOLUME | Sequence=189 | Volume=3
2026-09-06 21:47:28  VOLUME MAP | UI=5% -> Player=3%
2026-09-06 21:47:28.591  EXTERNAL CMD QUEUED VOLUME | Sequence=190 | Volume=3
2026-09-06 21:47:28  VOLUME MAP | UI=5% -> Player=3%
2026-09-06 21:47:50.742  EXTERNAL CMD QUEUED VOLUME | Sequence=191 | Volume=3
2026-09-06 21:47:50  VOLUME MAP | UI=5% -> Player=3%
2026-09-06 21:47:50.884  EXTERNAL CMD QUEUED VOLUME | Sequence=192 | Volume=3
2026-09-06 21:47:50  VOLUME MAP | UI=6% -> Player=3%
2026-09-06 21:47:51.024  EXTERNAL CMD QUEUED VOLUME | Sequence=193 | Volume=3
2026-09-06 21:47:51  VOLUME MAP | UI=6% -> Player=3%
2026-09-06 21:47:51.165  EXTERNAL CMD QUEUED VOLUME | Sequence=194 | Volume=3
2026-09-06 21:47:51  VOLUME MAP | UI=6% -> Player=3%
2026-09-06 21:47:51.307  EXTERNAL CMD QUEUED VOLUME | Sequence=195 | Volume=4
2026-09-06 21:47:51  VOLUME MAP | UI=7% -> Player=4%
2026-09-06 21:47:51.450  EXTERNAL CMD QUEUED VOLUME | Sequence=196 | Volume=3
2026-09-06 21:47:51  VOLUME MAP | UI=6% -> Player=3%
2026-09-06 21:47:51.577  EXTERNAL CMD QUEUED VOLUME | Sequence=197 | Volume=3
2026-09-06 21:47:51  VOLUME MAP | UI=5% -> Player=3%
2026-09-06 21:47:51.724  EXTERNAL CMD QUEUED VOLUME | Sequence=198 | Volume=3
2026-09-06 21:47:51  VOLUME MAP | UI=5% -> Player=3%
2026-09-06 21:47:54.644  EXTERNAL CMD QUEUED VOLUME | Sequence=199 | Volume=3
2026-09-06 21:47:54  VOLUME MAP | UI=5% -> Player=3%
2026-09-06 21:47:54.780  EXTERNAL CMD QUEUED VOLUME | Sequence=200 | Volume=3
2026-09-06 21:47:54  VOLUME MAP | UI=6% -> Player=3%
2026-09-06 21:47:54.917  EXTERNAL CMD QUEUED VOLUME | Sequence=201 | Volume=3
2026-09-06 21:47:54  VOLUME MAP | UI=6% -> Player=3%
2026-09-06 21:47:55.054  EXTERNAL CMD QUEUED VOLUME | Sequence=202 | Volume=3
2026-09-06 21:47:55  VOLUME MAP | UI=6% -> Player=3%
2026-09-06 21:47:55.186  EXTERNAL CMD QUEUED VOLUME | Sequence=203 | Volume=3
2026-09-06 21:47:55  VOLUME MAP | UI=6% -> Player=3%
2026-09-06 21:47:55.320  EXTERNAL CMD QUEUED VOLUME | Sequence=204 | Volume=4
2026-09-06 21:47:55  VOLUME MAP | UI=7% -> Player=4%
2026-09-06 21:47:55.456  EXTERNAL CMD QUEUED VOLUME | Sequence=205 | Volume=4
2026-09-06 21:47:55  VOLUME MAP | UI=7% -> Player=4%
2026-09-06 21:47:55  DUCK FADE OUT COMPLETE
2026-09-06 21:48:26  MENU SLOW MOTION ON | TimeScale=0.45
2026-09-06 21:48:26  MENU OPEN SOUND | SELECT | HUD_FRONTEND_DEFAULT_SOUNDSET
2026-09-06 21:48:26.121  EXTERNAL CMD QUEUED VOLUME | Sequence=206 | Volume=3
2026-09-06 21:48:26  VOLUME MAP | UI=6% -> Player=3%
2026-09-06 21:48:26  DUCK FADE IN | MENUE | Hold=1800ms | Attack=350ms
2026-09-06 21:48:26.256  EXTERNAL CMD QUEUED VOLUME | Sequence=207 | Volume=3
2026-09-06 21:48:26  VOLUME MAP | UI=5% -> Player=3%
2026-09-06 21:48:26.392  EXTERNAL CMD QUEUED VOLUME | Sequence=208 | Volume=3
2026-09-06 21:48:26  VOLUME MAP | UI=5% -> Player=3%
2026-09-06 21:48:34  USER SETTINGS SAVED | Language=EN | Volume=7 | Duck=70 | Hold=1800ms | Fade=900ms | RadioMax=70 | YTMax=55 | Favorites=0
2026-09-06 21:48:34  SKIN SAKURA ZEN
2026-09-06 21:48:34  MENU SLOW MOTION OFF | TimeScale=1.00
2026-09-06 21:48:34  USER SETTINGS SAVED | Language=EN | Volume=7 | Duck=70 | Hold=1800ms | Fade=900ms | RadioMax=70 | YTMax=55 | Favorites=0
2026-09-06 21:48:34.937  EXTERNAL CMD QUEUED VOLUME | Sequence=209 | Volume=3
2026-09-06 21:48:34  VOLUME MAP | UI=5% -> Player=3%
2026-09-06 21:48:35.070  EXTERNAL CMD QUEUED VOLUME | Sequence=210 | Volume=3
2026-09-06 21:48:35  VOLUME MAP | UI=6% -> Player=3%
2026-09-06 21:48:35.203  EXTERNAL CMD QUEUED VOLUME | Sequence=211 | Volume=3
2026-09-06 21:48:35  VOLUME MAP | UI=6% -> Player=3%
2026-09-06 21:48:35.336  EXTERNAL CMD QUEUED VOLUME | Sequence=212 | Volume=3
2026-09-06 21:48:35  VOLUME MAP | UI=6% -> Player=3%
2026-09-06 21:48:35.471  EXTERNAL CMD QUEUED VOLUME | Sequence=213 | Volume=3
2026-09-06 21:48:35  VOLUME MAP | UI=6% -> Player=3%
2026-09-06 21:48:35.604  EXTERNAL CMD QUEUED VOLUME | Sequence=214 | Volume=4
2026-09-06 21:48:35  VOLUME MAP | UI=7% -> Player=4%
2026-09-06 21:48:35.738  EXTERNAL CMD QUEUED VOLUME | Sequence=215 | Volume=4
2026-09-06 21:48:35  VOLUME MAP | UI=7% -> Player=4%
2026-09-06 21:48:35  DUCK FADE OUT COMPLETE
2026-09-06 21:48:38  MENU SLOW MOTION ON | TimeScale=0.45
2026-09-06 21:48:38  MENU OPEN SOUND | SELECT | HUD_FRONTEND_DEFAULT_SOUNDSET
2026-09-06 21:48:38.132  EXTERNAL CMD QUEUED VOLUME | Sequence=216 | Volume=3
2026-09-06 21:48:38  VOLUME MAP | UI=6% -> Player=3%
2026-09-06 21:48:38  DUCK FADE IN | MENUE | Hold=1800ms | Attack=350ms
2026-09-06 21:48:38.266  EXTERNAL CMD QUEUED VOLUME | Sequence=217 | Volume=3
2026-09-06 21:48:38  VOLUME MAP | UI=5% -> Player=3%
2026-09-06 21:48:38.400  EXTERNAL CMD QUEUED VOLUME | Sequence=218 | Volume=3
2026-09-06 21:48:38  VOLUME MAP | UI=5% -> Player=3%
2026-09-06 21:48:43.987  EXTERNAL CMD QUEUED VOLUME | Sequence=219 | Volume=3
2026-09-06 21:48:43  VOLUME MAP | UI=5% -> Player=3%
2026-09-06 21:48:44  USER SETTINGS SAVED | Language=EN | Volume=7 | Duck=65 | Hold=1800ms | Fade=900ms | RadioMax=70 | YTMax=55 | Favorites=0
2026-09-06 21:48:44.263  EXTERNAL CMD QUEUED VOLUME | Sequence=220 | Volume=2
2026-09-06 21:48:44  VOLUME MAP | UI=4% -> Player=2%
2026-09-06 21:48:44  USER SETTINGS SAVED | Language=EN | Volume=7 | Duck=60 | Hold=1800ms | Fade=900ms | RadioMax=70 | YTMax=55 | Favorites=0
2026-09-06 21:48:44.667  EXTERNAL CMD QUEUED VOLUME | Sequence=221 | Volume=2
2026-09-06 21:48:44  VOLUME MAP | UI=4% -> Player=2%
2026-09-06 21:48:44  USER SETTINGS SAVED | Language=EN | Volume=7 | Duck=55 | Hold=1800ms | Fade=900ms | RadioMax=70 | YTMax=55 | Favorites=0
2026-09-06 21:48:44.929  EXTERNAL CMD QUEUED VOLUME | Sequence=222 | Volume=2
2026-09-06 21:48:44  VOLUME MAP | UI=4% -> Player=2%
2026-09-06 21:48:44  USER SETTINGS SAVED | Language=EN | Volume=7 | Duck=50 | Hold=1800ms | Fade=900ms | RadioMax=70 | YTMax=55 | Favorites=0
2026-09-06 21:48:46.102  EXTERNAL CMD QUEUED VOLUME | Sequence=223 | Volume=1
2026-09-06 21:48:46  VOLUME MAP | UI=3% -> Player=1%
2026-09-06 21:48:46  USER SETTINGS SAVED | Language=EN | Volume=7 | Duck=45 | Hold=1800ms | Fade=900ms | RadioMax=70 | YTMax=55 | Favorites=0
2026-09-06 21:48:46.619  EXTERNAL CMD QUEUED VOLUME | Sequence=224 | Volume=1
2026-09-06 21:48:46  VOLUME MAP | UI=3% -> Player=1%
2026-09-06 21:48:46  USER SETTINGS SAVED | Language=EN | Volume=7 | Duck=40 | Hold=1800ms | Fade=900ms | RadioMax=70 | YTMax=55 | Favorites=0
2026-09-06 21:48:48  MENU SLOW MOTION OFF | TimeScale=1.00
2026-09-06 21:48:48  USER SETTINGS SAVED | Language=EN | Volume=7 | Duck=40 | Hold=1800ms | Fade=900ms | RadioMax=70 | YTMax=55 | Favorites=0
2026-09-06 21:48:48.548  EXTERNAL CMD QUEUED VOLUME | Sequence=225 | Volume=1
2026-09-06 21:48:48  VOLUME MAP | UI=3% -> Player=1%
2026-09-06 21:48:48.675  EXTERNAL CMD QUEUED VOLUME | Sequence=226 | Volume=2
2026-09-06 21:48:48  VOLUME MAP | UI=4% -> Player=2%
2026-09-06 21:48:48.802  EXTERNAL CMD QUEUED VOLUME | Sequence=227 | Volume=3
2026-09-06 21:48:48  VOLUME MAP | UI=5% -> Player=3%
2026-09-06 21:48:48.930  EXTERNAL CMD QUEUED VOLUME | Sequence=228 | Volume=3
2026-09-06 21:48:48  VOLUME MAP | UI=5% -> Player=3%
2026-09-06 21:48:49.059  EXTERNAL CMD QUEUED VOLUME | Sequence=229 | Volume=3
2026-09-06 21:48:49  VOLUME MAP | UI=6% -> Player=3%
2026-09-06 21:48:49.188  EXTERNAL CMD QUEUED VOLUME | Sequence=230 | Volume=3
2026-09-06 21:48:49  VOLUME MAP | UI=6% -> Player=3%
2026-09-06 21:48:49.320  EXTERNAL CMD QUEUED VOLUME | Sequence=231 | Volume=4
2026-09-06 21:48:49  VOLUME MAP | UI=7% -> Player=4%
2026-09-06 21:48:49  DUCK FADE OUT COMPLETE
2026-09-06 21:48:50.469  EXTERNAL CMD QUEUED VOLUME | Sequence=232 | Volume=3
2026-09-06 21:48:50  VOLUME MAP | UI=5% -> Player=3%
2026-09-06 21:48:50  RADIO VOLUME 5
2026-09-06 21:48:50  USER SETTINGS SAVED | Language=EN | Volume=5 | Duck=40 | Hold=1800ms | Fade=900ms | RadioMax=70 | YTMax=55 | Favorites=0
2026-09-06 21:48:50.612  EXTERNAL CMD QUEUED VOLUME | Sequence=233 | Volume=1
2026-09-06 21:48:50  VOLUME MAP | UI=3% -> Player=1%
2026-09-06 21:48:50  RADIO VOLUME 3
2026-09-06 21:48:50  USER SETTINGS SAVED | Language=EN | Volume=3 | Duck=40 | Hold=1800ms | Fade=900ms | RadioMax=70 | YTMax=55 | Favorites=0
2026-09-06 21:48:51.261  EXTERNAL CMD QUEUED VOLUME | Sequence=234 | Volume=3
2026-09-06 21:48:51  VOLUME MAP | UI=5% -> Player=3%
2026-09-06 21:48:51  RADIO VOLUME 5
2026-09-06 21:48:51  USER SETTINGS SAVED | Language=EN | Volume=5 | Duck=40 | Hold=1800ms | Fade=900ms | RadioMax=70 | YTMax=55 | Favorites=0
2026-09-06 21:48:51.405  EXTERNAL CMD QUEUED VOLUME | Sequence=235 | Volume=4
2026-09-06 21:48:51  VOLUME MAP | UI=7% -> Player=4%
2026-09-06 21:48:51  RADIO VOLUME 7
2026-09-06 21:48:51  USER SETTINGS SAVED | Language=EN | Volume=7 | Duck=40 | Hold=1800ms | Fade=900ms | RadioMax=70 | YTMax=55 | Favorites=0
2026-09-06 21:48:51.660  EXTERNAL CMD QUEUED VOLUME | Sequence=236 | Volume=5
2026-09-06 21:48:51  VOLUME MAP | UI=9% -> Player=5%
2026-09-06 21:48:51  RADIO VOLUME 9
2026-09-06 21:48:51  USER SETTINGS SAVED | Language=EN | Volume=9 | Duck=40 | Hold=1800ms | Fade=900ms | RadioMax=70 | YTMax=55 | Favorites=0
2026-09-06 21:48:51.789  EXTERNAL CMD QUEUED VOLUME | Sequence=237 | Volume=6
2026-09-06 21:48:51  VOLUME MAP | UI=11% -> Player=6%
2026-09-06 21:48:51  RADIO VOLUME 11
2026-09-06 21:48:51  USER SETTINGS SAVED | Language=EN | Volume=11 | Duck=40 | Hold=1800ms | Fade=900ms | RadioMax=70 | YTMax=55 | Favorites=0
2026-09-06 21:48:52.054  EXTERNAL CMD QUEUED VOLUME | Sequence=238 | Volume=7
2026-09-06 21:48:52  VOLUME MAP | UI=13% -> Player=7%
2026-09-06 21:48:52  RADIO VOLUME 13
2026-09-06 21:48:52  USER SETTINGS SAVED | Language=EN | Volume=13 | Duck=40 | Hold=1800ms | Fade=900ms | RadioMax=70 | YTMax=55 | Favorites=0
2026-09-06 21:48:52  MENU SLOW MOTION ON | TimeScale=0.45
2026-09-06 21:48:52  MENU OPEN SOUND | SELECT | HUD_FRONTEND_DEFAULT_SOUNDSET
2026-09-06 21:48:52.685  EXTERNAL CMD QUEUED VOLUME | Sequence=239 | Volume=6
2026-09-06 21:48:52  VOLUME MAP | UI=10% -> Player=6%
2026-09-06 21:48:52  DUCK FADE IN | MENUE | Hold=1800ms | Attack=350ms
2026-09-06 21:48:52.811  EXTERNAL CMD QUEUED VOLUME | Sequence=240 | Volume=4
2026-09-06 21:48:52  VOLUME MAP | UI=7% -> Player=4%
2026-09-06 21:48:52.942  EXTERNAL CMD QUEUED VOLUME | Sequence=241 | Volume=3
2026-09-06 21:48:52  VOLUME MAP | UI=5% -> Player=3%
2026-09-06 21:49:07.368  EXTERNAL CMD QUEUED VOLUME | Sequence=242 | Volume=2
2026-09-06 21:49:07  VOLUME MAP | UI=5% -> Player=2%
2026-09-06 21:49:07  USER SETTINGS SAVED | Language=EN | Volume=13 | Duck=40 | Hold=1800ms | Fade=900ms | RadioMax=65 | YTMax=55 | Favorites=0
2026-09-06 21:49:07.770  EXTERNAL CMD QUEUED VOLUME | Sequence=243 | Volume=2
2026-09-06 21:49:07  VOLUME MAP | UI=5% -> Player=2%
2026-09-06 21:49:07  USER SETTINGS SAVED | Language=EN | Volume=13 | Duck=40 | Hold=1800ms | Fade=900ms | RadioMax=60 | YTMax=55 | Favorites=0
2026-09-06 21:49:08.300  EXTERNAL CMD QUEUED VOLUME | Sequence=244 | Volume=2
2026-09-06 21:49:08  VOLUME MAP | UI=5% -> Player=2%
2026-09-06 21:49:08  USER SETTINGS SAVED | Language=EN | Volume=13 | Duck=40 | Hold=1800ms | Fade=900ms | RadioMax=55 | YTMax=55 | Favorites=0
2026-09-06 21:49:08.834  EXTERNAL CMD QUEUED VOLUME | Sequence=245 | Volume=2
2026-09-06 21:49:08  VOLUME MAP | UI=5% -> Player=2%
2026-09-06 21:49:08  USER SETTINGS SAVED | Language=EN | Volume=13 | Duck=40 | Hold=1800ms | Fade=900ms | RadioMax=50 | YTMax=55 | Favorites=0
2026-09-06 21:49:10  MENU SLOW MOTION OFF | TimeScale=1.00
2026-09-06 21:49:10  USER SETTINGS SAVED | Language=EN | Volume=13 | Duck=40 | Hold=1800ms | Fade=900ms | RadioMax=50 | YTMax=55 | Favorites=0
2026-09-06 21:49:10.762  EXTERNAL CMD QUEUED VOLUME | Sequence=246 | Volume=2
2026-09-06 21:49:10  VOLUME MAP | UI=6% -> Player=2%
2026-09-06 21:49:10.891  EXTERNAL CMD QUEUED VOLUME | Sequence=247 | Volume=3
2026-09-06 21:49:10  VOLUME MAP | UI=7% -> Player=3%
2026-09-06 21:49:11.020  EXTERNAL CMD QUEUED VOLUME | Sequence=248 | Volume=4
2026-09-06 21:49:11  VOLUME MAP | UI=9% -> Player=4%
2026-09-06 21:49:11.147  EXTERNAL CMD QUEUED VOLUME | Sequence=249 | Volume=4
2026-09-06 21:49:11  VOLUME MAP | UI=10% -> Player=4%
2026-09-06 21:49:11.274  EXTERNAL CMD QUEUED VOLUME | Sequence=250 | Volume=4
2026-09-06 21:49:11  VOLUME MAP | UI=11% -> Player=4%
2026-09-06 21:49:11.402  EXTERNAL CMD QUEUED VOLUME | Sequence=251 | Volume=5
2026-09-06 21:49:11  VOLUME MAP | UI=12% -> Player=5%
2026-09-06 21:49:11.530  EXTERNAL CMD QUEUED VOLUME | Sequence=252 | Volume=5
2026-09-06 21:49:11  VOLUME MAP | UI=13% -> Player=5%
2026-09-06 21:49:11  DUCK FADE OUT COMPLETE
2026-09-06 21:49:11.657  EXTERNAL CMD QUEUED VOLUME | Sequence=253 | Volume=5
2026-09-06 21:49:11  VOLUME MAP | UI=13% -> Player=5%
2026-09-06 21:49:12.162  EXTERNAL CMD QUEUED VOLUME | Sequence=254 | Volume=4
2026-09-06 21:49:12  VOLUME MAP | UI=11% -> Player=4%
2026-09-06 21:49:12  RADIO VOLUME 11
2026-09-06 21:49:12  USER SETTINGS SAVED | Language=EN | Volume=11 | Duck=40 | Hold=1800ms | Fade=900ms | RadioMax=50 | YTMax=55 | Favorites=0
2026-09-06 21:49:12.806  EXTERNAL CMD QUEUED VOLUME | Sequence=255 | Volume=5
2026-09-06 21:49:12  VOLUME MAP | UI=13% -> Player=5%
2026-09-06 21:49:12  RADIO VOLUME 13
2026-09-06 21:49:13.185  EXTERNAL CMD QUEUED VOLUME | Sequence=256 | Volume=6
2026-09-06 21:49:13  VOLUME MAP | UI=15% -> Player=6%
2026-09-06 21:49:13  RADIO VOLUME 15
2026-09-06 21:49:13.326  EXTERNAL CMD QUEUED VOLUME | Sequence=257 | Volume=7
2026-09-06 21:49:13  VOLUME MAP | UI=17% -> Player=7%
2026-09-06 21:49:13  RADIO VOLUME 17
2026-09-06 21:49:13.454  EXTERNAL CMD QUEUED VOLUME | Sequence=258 | Volume=8
2026-09-06 21:49:13  VOLUME MAP | UI=19% -> Player=8%
2026-09-06 21:49:13  RADIO VOLUME 19
2026-09-06 21:49:13.583  EXTERNAL CMD QUEUED VOLUME | Sequence=259 | Volume=9
2026-09-06 21:49:13  VOLUME MAP | UI=21% -> Player=9%
2026-09-06 21:49:13  RADIO VOLUME 21
2026-09-06 21:49:13.712  EXTERNAL CMD QUEUED VOLUME | Sequence=260 | Volume=10
2026-09-06 21:49:13  VOLUME MAP | UI=23% -> Player=10%
2026-09-06 21:49:13  RADIO VOLUME 23
2026-09-06 21:49:13.840  EXTERNAL CMD QUEUED VOLUME | Sequence=261 | Volume=11
2026-09-06 21:49:13  VOLUME MAP | UI=25% -> Player=11%
2026-09-06 21:49:13  RADIO VOLUME 25
2026-09-06 21:49:13.968  EXTERNAL CMD QUEUED VOLUME | Sequence=262 | Volume=12
2026-09-06 21:49:13  VOLUME MAP | UI=27% -> Player=12%
2026-09-06 21:49:13  RADIO VOLUME 27
2026-09-06 21:49:14.095  EXTERNAL CMD QUEUED VOLUME | Sequence=263 | Volume=13
2026-09-06 21:49:14  VOLUME MAP | UI=29% -> Player=13%
2026-09-06 21:49:14  RADIO VOLUME 29
2026-09-06 21:49:14.224  EXTERNAL CMD QUEUED VOLUME | Sequence=264 | Volume=14
2026-09-06 21:49:14  VOLUME MAP | UI=31% -> Player=14%
2026-09-06 21:49:14  RADIO VOLUME 31
2026-09-06 21:49:14.353  EXTERNAL CMD QUEUED VOLUME | Sequence=265 | Volume=15
2026-09-06 21:49:14  VOLUME MAP | UI=33% -> Player=15%
2026-09-06 21:49:14  RADIO VOLUME 33
2026-09-06 21:49:14  USER SETTINGS SAVED | Language=EN | Volume=33 | Duck=40 | Hold=1800ms | Fade=900ms | RadioMax=50 | YTMax=55 | Favorites=0
2026-09-06 21:49:14.750  EXTERNAL CMD QUEUED VOLUME | Sequence=266 | Volume=16
2026-09-06 21:49:14  VOLUME MAP | UI=35% -> Player=16%
2026-09-06 21:49:14  RADIO VOLUME 35
2026-09-06 21:49:14  USER SETTINGS SAVED | Language=EN | Volume=35 | Duck=40 | Hold=1800ms | Fade=900ms | RadioMax=50 | YTMax=55 | Favorites=0
2026-09-06 21:49:15.014  EXTERNAL CMD QUEUED VOLUME | Sequence=267 | Volume=17
2026-09-06 21:49:15  VOLUME MAP | UI=37% -> Player=17%
2026-09-06 21:49:15  RADIO VOLUME 37
2026-09-06 21:49:15  USER SETTINGS SAVED | Language=EN | Volume=37 | Duck=40 | Hold=1800ms | Fade=900ms | RadioMax=50 | YTMax=55 | Favorites=0
2026-09-06 21:49:15.398  EXTERNAL CMD QUEUED VOLUME | Sequence=268 | Volume=18
2026-09-06 21:49:15  VOLUME MAP | UI=39% -> Player=18%
2026-09-06 21:49:15  RADIO VOLUME 39
2026-09-06 21:49:15  USER SETTINGS SAVED | Language=EN | Volume=39 | Duck=40 | Hold=1800ms | Fade=900ms | RadioMax=50 | YTMax=55 | Favorites=0
2026-09-06 21:49:15.922  EXTERNAL CMD QUEUED VOLUME | Sequence=269 | Volume=19
2026-09-06 21:49:15  VOLUME MAP | UI=41% -> Player=19%
2026-09-06 21:49:15  RADIO VOLUME 41
2026-09-06 21:49:15  USER SETTINGS SAVED | Language=EN | Volume=41 | Duck=40 | Hold=1800ms | Fade=900ms | RadioMax=50 | YTMax=55 | Favorites=0
2026-09-06 21:49:16.432  EXTERNAL CMD QUEUED VOLUME | Sequence=270 | Volume=20
2026-09-06 21:49:16  VOLUME MAP | UI=43% -> Player=20%
2026-09-06 21:49:16  RADIO VOLUME 43
2026-09-06 21:49:16  USER SETTINGS SAVED | Language=EN | Volume=43 | Duck=40 | Hold=1800ms | Fade=900ms | RadioMax=50 | YTMax=55 | Favorites=0
2026-09-06 21:49:17  MENU SLOW MOTION ON | TimeScale=0.45
2026-09-06 21:49:17  MENU OPEN SOUND | SELECT | HUD_FRONTEND_DEFAULT_SOUNDSET
2026-09-06 21:49:17.711  EXTERNAL CMD QUEUED VOLUME | Sequence=271 | Volume=15
2026-09-06 21:49:17  VOLUME MAP | UI=33% -> Player=15%
2026-09-06 21:49:17  DUCK FADE IN | MENUE | Hold=1800ms | Attack=350ms
2026-09-06 21:49:17.843  EXTERNAL CMD QUEUED VOLUME | Sequence=272 | Volume=10
2026-09-06 21:49:17  VOLUME MAP | UI=24% -> Player=10%
2026-09-06 21:49:17.974  EXTERNAL CMD QUEUED VOLUME | Sequence=273 | Volume=7
2026-09-06 21:49:17  VOLUME MAP | UI=17% -> Player=7%
2026-09-06 21:49:24.597  EXTERNAL CMD QUEUED VOLUME | Sequence=274 | Volume=6
2026-09-06 21:49:24  VOLUME MAP | UI=17% -> Player=6%
2026-09-06 21:49:24  USER SETTINGS SAVED | Language=EN | Volume=43 | Duck=40 | Hold=1800ms | Fade=900ms | RadioMax=45 | YTMax=55 | Favorites=0
2026-09-06 21:49:24.871  EXTERNAL CMD QUEUED VOLUME | Sequence=275 | Volume=6
2026-09-06 21:49:24  VOLUME MAP | UI=17% -> Player=6%
2026-09-06 21:49:24  USER SETTINGS SAVED | Language=EN | Volume=43 | Duck=40 | Hold=1800ms | Fade=900ms | RadioMax=40 | YTMax=55 | Favorites=0
2026-09-06 21:49:25.005  EXTERNAL CMD QUEUED VOLUME | Sequence=276 | Volume=5
2026-09-06 21:49:25  VOLUME MAP | UI=17% -> Player=5%
2026-09-06 21:49:25  USER SETTINGS SAVED | Language=EN | Volume=43 | Duck=40 | Hold=1800ms | Fade=900ms | RadioMax=35 | YTMax=55 | Favorites=0
2026-09-06 21:49:25.277  EXTERNAL CMD QUEUED VOLUME | Sequence=277 | Volume=4
2026-09-06 21:49:25  VOLUME MAP | UI=17% -> Player=4%
2026-09-06 21:49:25  USER SETTINGS SAVED | Language=EN | Volume=43 | Duck=40 | Hold=1800ms | Fade=900ms | RadioMax=30 | YTMax=55 | Favorites=0
2026-09-06 21:49:25.805  EXTERNAL CMD QUEUED VOLUME | Sequence=278 | Volume=4
2026-09-06 21:49:25  VOLUME MAP | UI=17% -> Player=4%
2026-09-06 21:49:25  USER SETTINGS SAVED | Language=EN | Volume=43 | Duck=40 | Hold=1800ms | Fade=900ms | RadioMax=25 | YTMax=55 | Favorites=0
2026-09-06 21:49:26.080  EXTERNAL CMD QUEUED VOLUME | Sequence=279 | Volume=3
2026-09-06 21:49:26  VOLUME MAP | UI=17% -> Player=3%
2026-09-06 21:49:26  USER SETTINGS SAVED | Language=EN | Volume=43 | Duck=40 | Hold=1800ms | Fade=900ms | RadioMax=20 | YTMax=55 | Favorites=0
2026-09-06 21:49:27.238  EXTERNAL CMD QUEUED VOLUME | Sequence=280 | Volume=3
2026-09-06 21:49:27  VOLUME MAP | UI=17% -> Player=3%
2026-09-06 21:49:27  USER SETTINGS SAVED | Language=EN | Volume=43 | Duck=40 | Hold=1800ms | Fade=900ms | RadioMax=20 | YTMax=55 | Favorites=0
2026-09-06 21:49:27.766  EXTERNAL CMD QUEUED VOLUME | Sequence=281 | Volume=3
2026-09-06 21:49:27  VOLUME MAP | UI=17% -> Player=3%
2026-09-06 21:49:27  USER SETTINGS SAVED | Language=EN | Volume=43 | Duck=40 | Hold=1800ms | Fade=900ms | RadioMax=20 | YTMax=55 | Favorites=0
2026-09-06 21:49:28.040  EXTERNAL CMD QUEUED VOLUME | Sequence=282 | Volume=3
2026-09-06 21:49:28  VOLUME MAP | UI=17% -> Player=3%
2026-09-06 21:49:28  USER SETTINGS SAVED | Language=EN | Volume=43 | Duck=40 | Hold=1800ms | Fade=900ms | RadioMax=20 | YTMax=55 | Favorites=0
2026-09-06 21:49:28.438  EXTERNAL CMD QUEUED VOLUME | Sequence=283 | Volume=3
2026-09-06 21:49:28  VOLUME MAP | UI=17% -> Player=3%
2026-09-06 21:49:28  USER SETTINGS SAVED | Language=EN | Volume=43 | Duck=40 | Hold=1800ms | Fade=900ms | RadioMax=20 | YTMax=55 | Favorites=0
2026-09-06 21:49:32.305  EXTERNAL CMD QUEUED VOLUME | Sequence=284 | Volume=3
2026-09-06 21:49:32  VOLUME MAP | UI=17% -> Player=3%
2026-09-06 21:49:32  USER SETTINGS SAVED | Language=EN | Volume=43 | Duck=40 | Hold=1800ms | Fade=900ms | RadioMax=20 | YTMax=55 | Favorites=0
2026-09-06 21:49:32.568  EXTERNAL CMD QUEUED VOLUME | Sequence=285 | Volume=3
2026-09-06 21:49:32  VOLUME MAP | UI=17% -> Player=3%
2026-09-06 21:49:32  USER SETTINGS SAVED | Language=EN | Volume=43 | Duck=40 | Hold=1800ms | Fade=900ms | RadioMax=20 | YTMax=55 | Favorites=0
2026-09-06 21:49:33.093  EXTERNAL CMD QUEUED VOLUME | Sequence=286 | Volume=4
2026-09-06 21:49:33  VOLUME MAP | UI=17% -> Player=4%
2026-09-06 21:49:33  USER SETTINGS SAVED | Language=EN | Volume=43 | Duck=40 | Hold=1800ms | Fade=900ms | RadioMax=25 | YTMax=55 | Favorites=0
2026-09-06 21:49:33.887  EXTERNAL CMD QUEUED VOLUME | Sequence=287 | Volume=4
2026-09-06 21:49:33  VOLUME MAP | UI=17% -> Player=4%
2026-09-06 21:49:34  USER SETTINGS SAVED | Language=EN | Volume=43 | Duck=40 | Hold=1800ms | Fade=900ms | RadioMax=30 | YTMax=55 | Favorites=0
2026-09-06 21:49:34.807  EXTERNAL CMD QUEUED VOLUME | Sequence=288 | Volume=4
2026-09-06 21:49:34  VOLUME MAP | UI=17% -> Player=4%
2026-09-06 21:49:34  USER SETTINGS SAVED | Language=EN | Volume=43 | Duck=40 | Hold=1800ms | Fade=900ms | RadioMax=25 | YTMax=55 | Favorites=0
2026-09-06 21:49:35.339  EXTERNAL CMD QUEUED VOLUME | Sequence=289 | Volume=3
2026-09-06 21:49:35  VOLUME MAP | UI=17% -> Player=3%
2026-09-06 21:49:35  USER SETTINGS SAVED | Language=EN | Volume=43 | Duck=40 | Hold=1800ms | Fade=900ms | RadioMax=20 | YTMax=55 | Favorites=0
2026-09-06 21:49:36  MENU SLOW MOTION OFF | TimeScale=1.00
2026-09-06 21:49:36  USER SETTINGS SAVED | Language=EN | Volume=43 | Duck=40 | Hold=1800ms | Fade=900ms | RadioMax=20 | YTMax=55 | Favorites=0
2026-09-06 21:49:36.018  EXTERNAL CMD QUEUED VOLUME | Sequence=290 | Volume=4
2026-09-06 21:49:36  VOLUME MAP | UI=21% -> Player=4%
2026-09-06 21:49:36.146  EXTERNAL CMD QUEUED VOLUME | Sequence=291 | Volume=4
2026-09-06 21:49:36  VOLUME MAP | UI=25% -> Player=4%
2026-09-06 21:49:36.275  EXTERNAL CMD QUEUED VOLUME | Sequence=292 | Volume=5
2026-09-06 21:49:36  VOLUME MAP | UI=29% -> Player=5%
2026-09-06 21:49:36.405  EXTERNAL CMD QUEUED VOLUME | Sequence=293 | Volume=6
2026-09-06 21:49:36  VOLUME MAP | UI=32% -> Player=6%
2026-09-06 21:49:36.533  EXTERNAL CMD QUEUED VOLUME | Sequence=294 | Volume=7
2026-09-06 21:49:36  VOLUME MAP | UI=36% -> Player=7%
2026-09-06 21:49:36.662  EXTERNAL CMD QUEUED VOLUME | Sequence=295 | Volume=7
2026-09-06 21:49:36  VOLUME MAP | UI=40% -> Player=7%
2026-09-06 21:49:36.791  EXTERNAL CMD QUEUED VOLUME | Sequence=296 | Volume=8
2026-09-06 21:49:36  VOLUME MAP | UI=43% -> Player=8%
2026-09-06 21:49:36  DUCK FADE OUT COMPLETE
2026-09-06 21:49:37  RADIO VOLUME 41
2026-09-06 21:49:37  USER SETTINGS SAVED | Language=EN | Volume=41 | Duck=40 | Hold=1800ms | Fade=900ms | RadioMax=20 | YTMax=55 | Favorites=0
2026-09-06 21:49:37.326  EXTERNAL CMD QUEUED VOLUME | Sequence=297 | Volume=7
2026-09-06 21:49:37  VOLUME MAP | UI=39% -> Player=7%
2026-09-06 21:49:37  RADIO VOLUME 39
2026-09-06 21:49:37  USER SETTINGS SAVED | Language=EN | Volume=39 | Duck=40 | Hold=1800ms | Fade=900ms | RadioMax=20 | YTMax=55 | Favorites=0
2026-09-06 21:49:37  RADIO VOLUME 37
2026-09-06 21:49:37  USER SETTINGS SAVED | Language=EN | Volume=37 | Duck=40 | Hold=1800ms | Fade=900ms | RadioMax=20 | YTMax=55 | Favorites=0
2026-09-06 21:49:37.733  EXTERNAL CMD QUEUED VOLUME | Sequence=298 | Volume=6
2026-09-06 21:49:37  VOLUME MAP | UI=35% -> Player=6%
2026-09-06 21:49:37  RADIO VOLUME 35
2026-09-06 21:49:37  USER SETTINGS SAVED | Language=EN | Volume=35 | Duck=40 | Hold=1800ms | Fade=900ms | RadioMax=20 | YTMax=55 | Favorites=0
2026-09-06 21:49:37  RADIO VOLUME 33
2026-09-06 21:49:37  USER SETTINGS SAVED | Language=EN | Volume=33 | Duck=40 | Hold=1800ms | Fade=900ms | RadioMax=20 | YTMax=55 | Favorites=0
2026-09-06 21:49:38  RADIO VOLUME 31
2026-09-06 21:49:38  USER SETTINGS SAVED | Language=EN | Volume=31 | Duck=40 | Hold=1800ms | Fade=900ms | RadioMax=20 | YTMax=55 | Favorites=0
2026-09-06 21:49:38.537  EXTERNAL CMD QUEUED VOLUME | Sequence=299 | Volume=5
2026-09-06 21:49:38  VOLUME MAP | UI=29% -> Player=5%
2026-09-06 21:49:38  RADIO VOLUME 29
2026-09-06 21:49:38  USER SETTINGS SAVED | Language=EN | Volume=29 | Duck=40 | Hold=1800ms | Fade=900ms | RadioMax=20 | YTMax=55 | Favorites=0
2026-09-06 21:49:39  RADIO VOLUME 27
2026-09-06 21:49:39  USER SETTINGS SAVED | Language=EN | Volume=27 | Duck=40 | Hold=1800ms | Fade=900ms | RadioMax=20 | YTMax=55 | Favorites=0
2026-09-06 21:49:39.989  EXTERNAL CMD QUEUED VOLUME | Sequence=300 | Volume=4
2026-09-06 21:49:39  VOLUME MAP | UI=25% -> Player=4%
2026-09-06 21:49:39  RADIO VOLUME 25
2026-09-06 21:49:40  USER SETTINGS SAVED | Language=EN | Volume=25 | Duck=40 | Hold=1800ms | Fade=900ms | RadioMax=20 | YTMax=55 | Favorites=0
2026-09-06 21:50:00.419  EXTERNAL CMD QUEUED PLAY | Sequence=301 | Volume=4
2026-09-06 21:50:00  VOLUME MAP | UI=25% -> Player=4%
2026-09-06 21:50:00  PLAY Radio Regenbogen Hip-Hop & RnB | https://stream.regenbogen.de/hiphop_old/mp3-128/stream.regenbogen.de/
2026-09-06 21:50:00  METADATA | streams.80s80s
2026-09-06 21:50:01  METADATA | stream.regenbogen
2026-09-06 21:50:02.476  EXTERNAL CMD QUEUED PLAY | Sequence=302 | Volume=4
2026-09-06 21:50:02  VOLUME MAP | UI=25% -> Player=4%
2026-09-06 21:50:02  PLAY KISS FM Oldschool Hip-Hop | https://stream.kissfm.de/kissfm-hiphop/mp3-192/internetradio
2026-09-06 21:50:02  METADATA | stream.regenbogen
2026-09-06 21:50:04  METADATA | CAMRON & JUELZ SANTANA - HEY MA
2026-09-06 21:50:58.455  EXTERNAL CMD QUEUED VOLUME | Sequence=303 | Volume=3
2026-09-06 21:50:58  VOLUME MAP | UI=19% -> Player=3%
2026-09-06 21:50:58  DUCK FADE IN | DIALOG | Hold=1800ms | Attack=350ms
2026-09-06 21:50:58.597  EXTERNAL CMD QUEUED VOLUME | Sequence=304 | Volume=2
2026-09-06 21:50:58  VOLUME MAP | UI=13% -> Player=2%
2026-09-06 21:50:58.738  EXTERNAL CMD QUEUED VOLUME | Sequence=305 | Volume=2
2026-09-06 21:50:58  VOLUME MAP | UI=10% -> Player=2%
2026-09-06 21:51:01.282  EXTERNAL CMD QUEUED STOP | Sequence=306 | Volume=0
2026-09-06 21:51:14.927  EXTERNAL CMD QUEUED PLAY | Sequence=307 | Volume=4
2026-09-06 21:51:14  VOLUME MAP | UI=25% -> Player=4%
2026-09-06 21:51:14  PLAY KISS FM Oldschool Hip-Hop | https://stream.kissfm.de/kissfm-hiphop/mp3-192/internetradio
2026-09-06 21:51:14  METADATA | KissFM OLD SCHOOL HIPHOP
2026-09-06 21:51:17  METADATA | CAMRON & JUELZ SANTANA - HEY MA
2026-09-06 21:51:22.469  EXTERNAL CMD QUEUED VOLUME | Sequence=308 | Volume=3
2026-09-06 21:51:22  VOLUME MAP | UI=19% -> Player=3%
2026-09-06 21:51:22  DUCK FADE IN | DIALOG | Hold=1800ms | Attack=350ms
2026-09-06 21:51:22.602  EXTERNAL CMD QUEUED VOLUME | Sequence=309 | Volume=2
2026-09-06 21:51:22  VOLUME MAP | UI=14% -> Player=2%
2026-09-06 21:51:22.735  EXTERNAL CMD QUEUED VOLUME | Sequence=310 | Volume=2
2026-09-06 21:51:22  VOLUME MAP | UI=10% -> Player=2%
2026-09-06 21:51:36.459  EXTERNAL CMD QUEUED STOP | Sequence=311 | Volume=0
2026-09-06 21:52:15.336  EXTERNAL CMD QUEUED PLAY | Sequence=312 | Volume=4
2026-09-06 21:52:15  VOLUME MAP | UI=25% -> Player=4%
2026-09-06 21:52:15  PLAY KISS FM Oldschool Hip-Hop | https://stream.kissfm.de/kissfm-hiphop/mp3-192/internetradio
2026-09-06 21:52:15  METADATA | KissFM OLD SCHOOL HIPHOP
2026-09-06 21:52:16.893  EXTERNAL CMD QUEUED STOP | Sequence=313 | Volume=0
2026-09-06 21:52:45.339  EXTERNAL CMD QUEUED PLAY | Sequence=314 | Volume=4
2026-09-06 21:52:45  VOLUME MAP | UI=25% -> Player=4%
2026-09-06 21:52:45  PLAY KISS FM Oldschool Hip-Hop | https://stream.kissfm.de/kissfm-hiphop/mp3-192/internetradio
2026-09-06 21:52:45  METADATA | KissFM OLD SCHOOL HIPHOP
2026-09-06 21:52:47  METADATA | HOUSE OF PAIN - JUMP AROUND
2026-09-06 21:52:53.042  EXTERNAL CMD QUEUED VOLUME | Sequence=315 | Volume=3
2026-09-06 21:52:53  VOLUME MAP | UI=18% -> Player=3%
2026-09-06 21:52:53  DUCK FADE IN | DIALOG | Hold=1800ms | Attack=350ms
2026-09-06 21:52:53.200  EXTERNAL CMD QUEUED VOLUME | Sequence=316 | Volume=2
2026-09-06 21:52:53  VOLUME MAP | UI=11% -> Player=2%
2026-09-06 21:52:53.356  EXTERNAL CMD QUEUED VOLUME | Sequence=317 | Volume=2
2026-09-06 21:52:53  VOLUME MAP | UI=10% -> Player=2%
2026-09-06 21:52:53  USER SETTINGS SAVED | Language=EN | Volume=25 | Duck=40 | Hold=1800ms | Fade=900ms | RadioMax=20 | YTMax=55 | Favorites=0
2026-09-06 21:52:53.813  EXTERNAL CMD QUEUED QUIT | Sequence=318 | Volume=0
2026-09-06 21:52:53.813  EXTERNAL AUDIO CLOSE ANGEFORDERT
2026-09-06 21:52:53.815  YOUTUBE CMD MODE_OFF
2026-09-06 21:52:53.816  YOUTUBE CMD RESTORE_VOLUME
2026-09-06 21:52:53.817  YOUTUBE CMD QUIT
2026-09-06 21:52:53  ABORT | YT_AUTOCLOSE=NEIN
2026-09-06 21:53:02  KONSTRUKTOR START v1.0.0 NEXUS RELEASE
2026-09-06 21:53:02  USER SETTINGS LOADED | Language=EN | Volume=25 | Duck=40 | Hold=1800ms | Fade=900ms | RadioMax=20 | YTMax=55 | Skin=SAKURA ZEN | Favorites=0
2026-09-06 21:53:02  INI loaded | Stations=61 | Start=0 | Categories=10 | Favorites=0
2026-09-06 21:53:02  MINECRAFT BLOCK ASSET READY | C:\Program Files\Rockstar Games\Neuer Ordner\Grand Theft Auto V Enhanced\scripts\InternetRadio\MinecraftGrassBlock.png
2026-09-06 21:53:02  SAKURA ZEN MOTIF READY | C:\Program Files\Rockstar Games\Neuer Ordner\Grand Theft Auto V Enhanced\scripts\InternetRadio\SakuraZenMotif.png
2026-09-06 21:53:02.862  EXTERNAL AUDIO HELPER START | PID=21280
2026-09-06 21:53:02.872  YOUTUBE BRIDGE START | PID=3060
2026-09-06 21:53:02  Initialisierung komplett | Sender=61
2026-09-06 21:53:03.102  EXTERNAL CMD QUEUED PLAY | Sequence=1 | Volume=4
2026-09-06 21:53:03  VOLUME MAP | UI=25% -> Player=4%
2026-09-06 21:53:03  PLAY 1LIVE Hip Hop & RnB | https://wdr-1live-hiphoprnb.icecast.wdr.de/wdr/1live/hiphoprnb/mp3/128/stream.mp3
2026-09-06 21:53:03.107  EXTERNAL CMD QUEUED VOLUME | Sequence=2 | Volume=4
2026-09-06 21:53:03  VOLUME MAP | UI=25% -> Player=4%
2026-09-06 21:53:03  DUCK FADE IN | DIALOG | Hold=1800ms | Attack=350ms
2026-09-06 21:53:03.218  EXTERNAL CMD QUEUED VOLUME | Sequence=3 | Volume=3
2026-09-06 21:53:03  VOLUME MAP | UI=20% -> Player=3%
2026-09-06 21:53:03.445  EXTERNAL CMD QUEUED VOLUME | Sequence=4 | Volume=2
2026-09-06 21:53:03  VOLUME MAP | UI=10% -> Player=2%
2026-09-06 21:53:03.561  EXTERNAL CMD QUEUED VOLUME | Sequence=5 | Volume=2
2026-09-06 21:53:03  VOLUME MAP | UI=10% -> Player=2%
2026-09-06 21:53:04  METADATA | 1LIVE - R
2026-09-06 21:53:05.092  EXTERNAL CMD QUEUED VOLUME | Sequence=6 | Volume=2
2026-09-06 21:53:05  VOLUME MAP | UI=12% -> Player=2%
2026-09-06 21:53:05.210  EXTERNAL CMD QUEUED VOLUME | Sequence=7 | Volume=2
2026-09-06 21:53:05  VOLUME MAP | UI=14% -> Player=2%
2026-09-06 21:53:05.330  EXTERNAL CMD QUEUED VOLUME | Sequence=8 | Volume=3
2026-09-06 21:53:05  VOLUME MAP | UI=16% -> Player=3%
2026-09-06 21:53:05.453  EXTERNAL CMD QUEUED VOLUME | Sequence=9 | Volume=3
2026-09-06 21:53:05  VOLUME MAP | UI=18% -> Player=3%
2026-09-06 21:53:05.572  EXTERNAL CMD QUEUED VOLUME | Sequence=10 | Volume=3
2026-09-06 21:53:05  VOLUME MAP | UI=20% -> Player=3%
2026-09-06 21:53:05.692  EXTERNAL CMD QUEUED VOLUME | Sequence=11 | Volume=4
2026-09-06 21:53:05  VOLUME MAP | UI=22% -> Player=4%
2026-09-06 21:53:05.811  EXTERNAL CMD QUEUED VOLUME | Sequence=12 | Volume=4
2026-09-06 21:53:05  VOLUME MAP | UI=24% -> Player=4%
2026-09-06 21:53:05.952  EXTERNAL CMD QUEUED VOLUME | Sequence=13 | Volume=4
2026-09-06 21:53:05  VOLUME MAP | UI=25% -> Player=4%
2026-09-06 21:53:05  DUCK FADE OUT COMPLETE
2026-09-06 21:53:06.900  EXTERNAL CMD QUEUED VOLUME | Sequence=14 | Volume=3
2026-09-06 21:53:06  VOLUME MAP | UI=19% -> Player=3%
2026-09-06 21:53:06  DUCK FADE IN | DIALOG | Hold=1800ms | Attack=350ms
2026-09-06 21:53:07.040  EXTERNAL CMD QUEUED VOLUME | Sequence=15 | Volume=2
2026-09-06 21:53:07  VOLUME MAP | UI=13% -> Player=2%
2026-09-06 21:53:07.169  EXTERNAL CMD QUEUED VOLUME | Sequence=16 | Volume=2
2026-09-06 21:53:07  VOLUME MAP | UI=10% -> Player=2%
2026-09-06 21:53:30.022  EXTERNAL CMD QUEUED VOLUME | Sequence=17 | Volume=2
2026-09-06 21:53:30  VOLUME MAP | UI=12% -> Player=2%
2026-09-06 21:53:30.170  EXTERNAL CMD QUEUED VOLUME | Sequence=18 | Volume=2
2026-09-06 21:53:30  VOLUME MAP | UI=15% -> Player=2%
2026-09-06 21:53:30.311  EXTERNAL CMD QUEUED VOLUME | Sequence=19 | Volume=3
2026-09-06 21:53:30  VOLUME MAP | UI=17% -> Player=3%
2026-09-06 21:53:30.450  EXTERNAL CMD QUEUED VOLUME | Sequence=20 | Volume=3
2026-09-06 21:53:30  VOLUME MAP | UI=20% -> Player=3%
2026-09-06 21:53:30.588  EXTERNAL CMD QUEUED VOLUME | Sequence=21 | Volume=4
2026-09-06 21:53:30  VOLUME MAP | UI=22% -> Player=4%
2026-09-06 21:53:30.729  EXTERNAL CMD QUEUED VOLUME | Sequence=22 | Volume=4
2026-09-06 21:53:30  VOLUME MAP | UI=24% -> Player=4%
2026-09-06 21:53:30.869  EXTERNAL CMD QUEUED VOLUME | Sequence=23 | Volume=4
2026-09-06 21:53:30  VOLUME MAP | UI=25% -> Player=4%
2026-09-06 21:53:30  DUCK FADE OUT COMPLETE
2026-09-06 21:53:33.980  EXTERNAL CMD QUEUED VOLUME | Sequence=24 | Volume=5
2026-09-06 21:53:33  VOLUME MAP | UI=27% -> Player=5%
2026-09-06 21:53:33  RADIO VOLUME 27
2026-09-06 21:53:34  USER SETTINGS SAVED | Language=EN | Volume=27 | Duck=40 | Hold=1800ms | Fade=900ms | RadioMax=20 | YTMax=55 | Favorites=0
2026-09-06 21:53:34  RADIO VOLUME 29
2026-09-06 21:53:34  USER SETTINGS SAVED | Language=EN | Volume=29 | Duck=40 | Hold=1800ms | Fade=900ms | RadioMax=20 | YTMax=55 | Favorites=0
2026-09-06 21:53:34.550  EXTERNAL CMD QUEUED VOLUME | Sequence=25 | Volume=6
2026-09-06 21:53:34  VOLUME MAP | UI=31% -> Player=6%
2026-09-06 21:53:34  RADIO VOLUME 31
2026-09-06 21:53:34  USER SETTINGS SAVED | Language=EN | Volume=31 | Duck=40 | Hold=1800ms | Fade=900ms | RadioMax=20 | YTMax=55 | Favorites=0
2026-09-06 21:53:34  RADIO VOLUME 33
2026-09-06 21:53:34  USER SETTINGS SAVED | Language=EN | Volume=33 | Duck=40 | Hold=1800ms | Fade=900ms | RadioMax=20 | YTMax=55 | Favorites=0
2026-09-06 21:53:35  RADIO VOLUME 35
2026-09-06 21:53:35  USER SETTINGS SAVED | Language=EN | Volume=35 | Duck=40 | Hold=1800ms | Fade=900ms | RadioMax=20 | YTMax=55 | Favorites=0
2026-09-06 21:53:39.366  EXTERNAL CMD QUEUED VOLUME | Sequence=26 | Volume=5
2026-09-06 21:53:39  VOLUME MAP | UI=27% -> Player=5%
2026-09-06 21:53:39  DUCK FADE IN | DIALOG | Hold=1800ms | Attack=350ms
2026-09-06 21:53:39.503  EXTERNAL CMD QUEUED VOLUME | Sequence=27 | Volume=3
2026-09-06 21:53:39  VOLUME MAP | UI=19% -> Player=3%
2026-09-06 21:53:39.641  EXTERNAL CMD QUEUED VOLUME | Sequence=28 | Volume=2
2026-09-06 21:53:39  VOLUME MAP | UI=14% -> Player=2%
2026-09-06 21:53:44.389  EXTERNAL CMD QUEUED VOLUME | Sequence=29 | Volume=3
2026-09-06 21:53:44  VOLUME MAP | UI=17% -> Player=3%
2026-09-06 21:53:44.520  EXTERNAL CMD QUEUED VOLUME | Sequence=30 | Volume=3
2026-09-06 21:53:44  VOLUME MAP | UI=20% -> Player=3%
2026-09-06 21:53:44.648  EXTERNAL CMD QUEUED VOLUME | Sequence=31 | Volume=4
2026-09-06 21:53:44  VOLUME MAP | UI=23% -> Player=4%
2026-09-06 21:53:44.775  EXTERNAL CMD QUEUED VOLUME | Sequence=32 | Volume=5
2026-09-06 21:53:44  VOLUME MAP | UI=26% -> Player=5%
2026-09-06 21:53:44.902  EXTERNAL CMD QUEUED VOLUME | Sequence=33 | Volume=5
2026-09-06 21:53:44  VOLUME MAP | UI=29% -> Player=5%
2026-09-06 21:53:45.030  EXTERNAL CMD QUEUED VOLUME | Sequence=34 | Volume=6
2026-09-06 21:53:45  VOLUME MAP | UI=32% -> Player=6%
2026-09-06 21:53:45.157  EXTERNAL CMD QUEUED VOLUME | Sequence=35 | Volume=6
2026-09-06 21:53:45  VOLUME MAP | UI=35% -> Player=6%
2026-09-06 21:53:45  DUCK FADE OUT COMPLETE
2026-09-06 21:53:52.091  EXTERNAL CMD QUEUED VOLUME | Sequence=36 | Volume=5
2026-09-06 21:53:52  VOLUME MAP | UI=28% -> Player=5%
2026-09-06 21:53:52  DUCK FADE IN | DIALOG | Hold=1800ms | Attack=350ms
2026-09-06 21:53:52.216  EXTERNAL CMD QUEUED VOLUME | Sequence=37 | Volume=3
2026-09-06 21:53:52  VOLUME MAP | UI=20% -> Player=3%
2026-09-06 21:53:52.345  EXTERNAL CMD QUEUED VOLUME | Sequence=38 | Volume=2
2026-09-06 21:53:52  VOLUME MAP | UI=14% -> Player=2%
2026-09-06 21:53:59.873  EXTERNAL CMD QUEUED STOP | Sequence=39 | Volume=0
2026-09-06 21:58:06.060  EXTERNAL CMD QUEUED PLAY | Sequence=40 | Volume=6
2026-09-06 21:58:06  VOLUME MAP | UI=35% -> Player=6%
2026-09-06 21:58:06  PLAY 1LIVE Hip Hop & RnB | https://wdr-1live-hiphoprnb.icecast.wdr.de/wdr/1live/hiphoprnb/mp3/128/stream.mp3
2026-09-06 21:58:06  METADATA | 1live_hiphoprnb
2026-09-06 21:58:06  METADATA | 1LIVE - R
2026-09-06 21:58:13.761  EXTERNAL CMD QUEUED VOLUME | Sequence=41 | Volume=5
2026-09-06 21:58:13  VOLUME MAP | UI=27% -> Player=5%
2026-09-06 21:58:13  DUCK FADE IN | DIALOG | Hold=1800ms | Attack=350ms
2026-09-06 21:58:13.902  EXTERNAL CMD QUEUED VOLUME | Sequence=42 | Volume=3
2026-09-06 21:58:13  VOLUME MAP | UI=18% -> Player=3%
2026-09-06 21:58:14.044  EXTERNAL CMD QUEUED VOLUME | Sequence=43 | Volume=2
2026-09-06 21:58:14  VOLUME MAP | UI=14% -> Player=2%
2026-09-06 21:58:16.656  EXTERNAL CMD QUEUED STOP | Sequence=44 | Volume=0
2026-09-06 22:00:05.173  EXTERNAL CMD QUEUED PLAY | Sequence=45 | Volume=6
2026-09-06 22:00:05  VOLUME MAP | UI=35% -> Player=6%
2026-09-06 22:00:05  PLAY 1LIVE Hip Hop & RnB | https://wdr-1live-hiphoprnb.icecast.wdr.de/wdr/1live/hiphoprnb/mp3/128/stream.mp3
2026-09-06 22:00:05  METADATA | 1live_hiphoprnb
2026-09-06 22:00:05.291  EXTERNAL CMD QUEUED VOLUME | Sequence=46 | Volume=5
2026-09-06 22:00:05  VOLUME MAP | UI=28% -> Player=5%
2026-09-06 22:00:05  DUCK FADE IN | DIALOG | Hold=1800ms | Attack=350ms
2026-09-06 22:00:05.395  EXTERNAL CMD QUEUED VOLUME | Sequence=47 | Volume=4
2026-09-06 22:00:05  VOLUME MAP | UI=22% -> Player=4%
2026-09-06 22:00:05.502  EXTERNAL CMD QUEUED VOLUME | Sequence=48 | Volume=2
2026-09-06 22:00:05  VOLUME MAP | UI=15% -> Player=2%
2026-09-06 22:00:05.607  EXTERNAL CMD QUEUED VOLUME | Sequence=49 | Volume=2
2026-09-06 22:00:05  VOLUME MAP | UI=14% -> Player=2%
2026-09-06 22:00:06  METADATA | 1LIVE - R
2026-09-06 22:01:45.457  EXTERNAL CMD QUEUED VOLUME | Sequence=50 | Volume=3
2026-09-06 22:01:45  VOLUME MAP | UI=17% -> Player=3%
2026-09-06 22:01:45.593  EXTERNAL CMD QUEUED VOLUME | Sequence=51 | Volume=3
2026-09-06 22:01:45  VOLUME MAP | UI=20% -> Player=3%
2026-09-06 22:01:45.729  EXTERNAL CMD QUEUED VOLUME | Sequence=52 | Volume=4
2026-09-06 22:01:45  VOLUME MAP | UI=24% -> Player=4%
2026-09-06 22:01:45.865  EXTERNAL CMD QUEUED VOLUME | Sequence=53 | Volume=5
2026-09-06 22:01:45  VOLUME MAP | UI=27% -> Player=5%
2026-09-06 22:01:46.002  EXTERNAL CMD QUEUED VOLUME | Sequence=54 | Volume=5
2026-09-06 22:01:46  VOLUME MAP | UI=30% -> Player=5%
2026-09-06 22:01:46.137  EXTERNAL CMD QUEUED VOLUME | Sequence=55 | Volume=6
2026-09-06 22:01:46  VOLUME MAP | UI=33% -> Player=6%
2026-09-06 22:01:46.274  EXTERNAL CMD QUEUED VOLUME | Sequence=56 | Volume=6
2026-09-06 22:01:46  VOLUME MAP | UI=35% -> Player=6%
2026-09-06 22:01:46  DUCK FADE OUT COMPLETE
2026-09-06 22:02:04.315  EXTERNAL CMD QUEUED VOLUME | Sequence=57 | Volume=5
2026-09-06 22:02:04  VOLUME MAP | UI=28% -> Player=5%
2026-09-06 22:02:04  DUCK FADE IN | DIALOG | Hold=1800ms | Attack=350ms
2026-09-06 22:02:04.440  EXTERNAL CMD QUEUED VOLUME | Sequence=58 | Volume=3
2026-09-06 22:02:04  VOLUME MAP | UI=20% -> Player=3%
2026-09-06 22:02:04.567  EXTERNAL CMD QUEUED VOLUME | Sequence=59 | Volume=2
2026-09-06 22:02:04  VOLUME MAP | UI=14% -> Player=2%
2026-09-06 22:02:11.780  EXTERNAL CMD QUEUED VOLUME | Sequence=60 | Volume=3
2026-09-06 22:02:11  VOLUME MAP | UI=17% -> Player=3%
2026-09-06 22:02:11.917  EXTERNAL CMD QUEUED VOLUME | Sequence=61 | Volume=3
2026-09-06 22:02:11  VOLUME MAP | UI=20% -> Player=3%
2026-09-06 22:02:12.055  EXTERNAL CMD QUEUED VOLUME | Sequence=62 | Volume=4
2026-09-06 22:02:12  VOLUME MAP | UI=24% -> Player=4%
2026-09-06 22:02:12.194  EXTERNAL CMD QUEUED VOLUME | Sequence=63 | Volume=5
2026-09-06 22:02:12  VOLUME MAP | UI=27% -> Player=5%
2026-09-06 22:02:12.334  EXTERNAL CMD QUEUED VOLUME | Sequence=64 | Volume=5
2026-09-06 22:02:12  VOLUME MAP | UI=30% -> Player=5%
2026-09-06 22:02:12.471  EXTERNAL CMD QUEUED VOLUME | Sequence=65 | Volume=6
2026-09-06 22:02:12  VOLUME MAP | UI=33% -> Player=6%
2026-09-06 22:02:12.609  EXTERNAL CMD QUEUED VOLUME | Sequence=66 | Volume=6
2026-09-06 22:02:12  VOLUME MAP | UI=35% -> Player=6%
2026-09-06 22:02:12  DUCK FADE OUT COMPLETE
2026-09-06 22:02:20.441  EXTERNAL CMD QUEUED VOLUME | Sequence=67 | Volume=5
2026-09-06 22:02:20  VOLUME MAP | UI=28% -> Player=5%
2026-09-06 22:02:20  DUCK FADE IN | DIALOG | Hold=1800ms | Attack=350ms
2026-09-06 22:02:20.566  EXTERNAL CMD QUEUED VOLUME | Sequence=68 | Volume=3
2026-09-06 22:02:20  VOLUME MAP | UI=20% -> Player=3%
2026-09-06 22:02:20.690  EXTERNAL CMD QUEUED VOLUME | Sequence=69 | Volume=2
2026-09-06 22:02:20  VOLUME MAP | UI=14% -> Player=2%
2026-09-06 22:02:27.361  EXTERNAL CMD QUEUED VOLUME | Sequence=70 | Volume=3
2026-09-06 22:02:27  VOLUME MAP | UI=17% -> Player=3%
2026-09-06 22:02:27.501  EXTERNAL CMD QUEUED VOLUME | Sequence=71 | Volume=4
2026-09-06 22:02:27  VOLUME MAP | UI=21% -> Player=4%
2026-09-06 22:02:27.623  EXTERNAL CMD QUEUED VOLUME | Sequence=72 | Volume=4
2026-09-06 22:02:27  VOLUME MAP | UI=23% -> Player=4%
2026-09-06 22:02:27.764  EXTERNAL CMD QUEUED VOLUME | Sequence=73 | Volume=5
2026-09-06 22:02:27  VOLUME MAP | UI=27% -> Player=5%
2026-09-06 22:02:27.902  EXTERNAL CMD QUEUED VOLUME | Sequence=74 | Volume=5
2026-09-06 22:02:27  VOLUME MAP | UI=30% -> Player=5%
2026-09-06 22:02:28.040  EXTERNAL CMD QUEUED VOLUME | Sequence=75 | Volume=6
2026-09-06 22:02:28  VOLUME MAP | UI=33% -> Player=6%
2026-09-06 22:02:28.178  EXTERNAL CMD QUEUED VOLUME | Sequence=76 | Volume=6
2026-09-06 22:02:28  VOLUME MAP | UI=35% -> Player=6%
2026-09-06 22:02:28  DUCK FADE OUT COMPLETE
2026-09-06 22:02:54.418  EXTERNAL CMD QUEUED VOLUME | Sequence=77 | Volume=5
2026-09-06 22:02:54  VOLUME MAP | UI=27% -> Player=5%
2026-09-06 22:02:54  DUCK FADE IN | DIALOG | Hold=1800ms | Attack=350ms
2026-09-06 22:02:54.546  EXTERNAL CMD QUEUED VOLUME | Sequence=78 | Volume=3
2026-09-06 22:02:54  VOLUME MAP | UI=20% -> Player=3%
2026-09-06 22:02:54.678  EXTERNAL CMD QUEUED VOLUME | Sequence=79 | Volume=2
2026-09-06 22:02:54  VOLUME MAP | UI=14% -> Player=2%
2026-09-06 22:03:06.248  EXTERNAL CMD QUEUED VOLUME | Sequence=80 | Volume=3
2026-09-06 22:03:06  VOLUME MAP | UI=17% -> Player=3%
2026-09-06 22:03:06.386  EXTERNAL CMD QUEUED VOLUME | Sequence=81 | Volume=3
2026-09-06 22:03:06  VOLUME MAP | UI=20% -> Player=3%
2026-09-06 22:03:06.525  EXTERNAL CMD QUEUED VOLUME | Sequence=82 | Volume=4
2026-09-06 22:03:06  VOLUME MAP | UI=24% -> Player=4%
2026-09-06 22:03:06.661  EXTERNAL CMD QUEUED VOLUME | Sequence=83 | Volume=5
2026-09-06 22:03:06  VOLUME MAP | UI=27% -> Player=5%
2026-09-06 22:03:06.797  EXTERNAL CMD QUEUED VOLUME | Sequence=84 | Volume=5
2026-09-06 22:03:06  VOLUME MAP | UI=30% -> Player=5%
2026-09-06 22:03:06.934  EXTERNAL CMD QUEUED VOLUME | Sequence=85 | Volume=6
2026-09-06 22:03:06  VOLUME MAP | UI=33% -> Player=6%
2026-09-06 22:03:07.070  EXTERNAL CMD QUEUED VOLUME | Sequence=86 | Volume=6
2026-09-06 22:03:07  VOLUME MAP | UI=35% -> Player=6%
2026-09-06 22:03:07  DUCK FADE OUT COMPLETE
2026-09-06 22:03:12.088  EXTERNAL CMD QUEUED VOLUME | Sequence=87 | Volume=5
2026-09-06 22:03:12  VOLUME MAP | UI=27% -> Player=5%
2026-09-06 22:03:12  DUCK FADE IN | DIALOG | Hold=1800ms | Attack=350ms
2026-09-06 22:03:12.227  EXTERNAL CMD QUEUED VOLUME | Sequence=88 | Volume=3
2026-09-06 22:03:12  VOLUME MAP | UI=18% -> Player=3%
2026-09-06 22:03:12.369  EXTERNAL CMD QUEUED VOLUME | Sequence=89 | Volume=2
2026-09-06 22:03:12  VOLUME MAP | UI=14% -> Player=2%
2026-09-06 22:03:34  RADIO VOLUME 37
2026-09-06 22:03:34  USER SETTINGS SAVED | Language=EN | Volume=37 | Duck=40 | Hold=1800ms | Fade=900ms | RadioMax=20 | YTMax=55 | Favorites=0
2026-09-06 22:03:35.248  EXTERNAL CMD QUEUED VOLUME | Sequence=90 | Volume=3
2026-09-06 22:03:35  VOLUME MAP | UI=16% -> Player=3%
2026-09-06 22:03:35  RADIO VOLUME 39
2026-09-06 22:03:35  USER SETTINGS SAVED | Language=EN | Volume=39 | Duck=40 | Hold=1800ms | Fade=900ms | RadioMax=20 | YTMax=55 | Favorites=0
2026-09-06 22:03:36  RADIO VOLUME 41
2026-09-06 22:03:36  USER SETTINGS SAVED | Language=EN | Volume=41 | Duck=40 | Hold=1800ms | Fade=900ms | RadioMax=20 | YTMax=55 | Favorites=0
2026-09-06 22:03:37  RADIO VOLUME 39
2026-09-06 22:03:37  USER SETTINGS SAVED | Language=EN | Volume=39 | Duck=40 | Hold=1800ms | Fade=900ms | RadioMax=20 | YTMax=55 | Favorites=0
2026-09-06 22:03:38.444  EXTERNAL CMD QUEUED VOLUME | Sequence=91 | Volume=2
2026-09-06 22:03:38  VOLUME MAP | UI=15% -> Player=2%
2026-09-06 22:03:38  RADIO VOLUME 37
2026-09-06 22:03:38  USER SETTINGS SAVED | Language=EN | Volume=37 | Duck=40 | Hold=1800ms | Fade=900ms | RadioMax=20 | YTMax=55 | Favorites=0
2026-09-06 22:03:40.838  EXTERNAL CMD QUEUED VOLUME | Sequence=92 | Volume=3
2026-09-06 22:03:40  VOLUME MAP | UI=16% -> Player=3%
2026-09-06 22:03:40  RADIO VOLUME 39
2026-09-06 22:03:40  USER SETTINGS SAVED | Language=EN | Volume=39 | Duck=40 | Hold=1800ms | Fade=900ms | RadioMax=20 | YTMax=55 | Favorites=0
2026-09-06 22:03:52.140  EXTERNAL CMD QUEUED PLAY | Sequence=93 | Volume=3
2026-09-06 22:03:52  VOLUME MAP | UI=16% -> Player=3%
2026-09-06 22:03:52  PLAY YOU FM | https://dispatcher.rndfnk.com/hr/youfm/live/mp3/high
2026-09-06 22:03:52  METADATA | 1LIVE - R
2026-09-06 22:03:53  METADATA | DASDING Podcast - TNTea - Folge 19
2026-09-06 22:03:57.407  EXTERNAL CMD QUEUED PLAY | Sequence=94 | Volume=3
2026-09-06 22:03:57  VOLUME MAP | UI=16% -> Player=3%
2026-09-06 22:03:57  PLAY bigFM | https://stream.bigfm.de/deutschland/mp3-128/private
2026-09-06 22:03:57  METADATA | DASDING Podcast - TNTea - Folge 19
2026-09-06 22:03:58  METADATA | private
2026-09-06 22:03:59.104  EXTERNAL CMD QUEUED PLAY | Sequence=95 | Volume=3
2026-09-06 22:03:59  VOLUME MAP | UI=16% -> Player=3%
2026-09-06 22:03:59  PLAY HOT 97 New York | https://27033.live.streamtheworld.com/WQHTFM.mp3
2026-09-06 22:03:59  METADATA | private
2026-09-06 22:03:59.635  EXTERNAL CMD QUEUED PLAY | Sequence=96 | Volume=3
2026-09-06 22:03:59  VOLUME MAP | UI=16% -> Player=3%
2026-09-06 22:03:59  PLAY Capital XTRA UK | https://media-ssl.musicradio.com/CapitalXTRANationalMP3
2026-09-06 22:03:59  METADATA | private
2026-09-06 22:03:59.953  EXTERNAL CMD QUEUED PLAY | Sequence=97 | Volume=3
2026-09-06 22:03:59  VOLUME MAP | UI=16% -> Player=3%
2026-09-06 22:03:59  PLAY NPO FunX | https://icecast.omroep.nl/funx-bb-mp3
2026-09-06 22:03:59  METADATA | private
2026-09-06 22:04:00.590  EXTERNAL CMD QUEUED PLAY | Sequence=98 | Volume=3
2026-09-06 22:04:00  VOLUME MAP | UI=16% -> Player=3%
2026-09-06 22:04:00  PLAY FIP Hip-Hop | https://icecast.radiofrance.fr/fiphiphop-midfi.mp3?id=openapi
2026-09-06 22:04:00  METADATA | private
2026-09-06 22:04:00  METADATA | WQHTFM
2026-09-06 22:04:03  METADATA | fiphiphop-midfi
2026-09-06 22:04:03  METADATA | fiphiphop-midfi.mp3
2026-09-06 22:04:08.029  EXTERNAL CMD QUEUED PLAY | Sequence=99 | Volume=3
2026-09-06 22:04:08  VOLUME MAP | UI=16% -> Player=3%
2026-09-06 22:04:08  PLAY The Hip Hop Lounge | https://streaming.live365.com/a34724
2026-09-06 22:04:08  METADATA | fiphiphop-midfi.mp3
2026-09-06 22:04:10  METADATA | Raekwon - Guillotine (Swordz)
2026-09-06 22:04:12.494  EXTERNAL CMD QUEUED PLAY | Sequence=100 | Volume=3
2026-09-06 22:04:12  VOLUME MAP | UI=16% -> Player=3%
2026-09-06 22:04:12  PLAY Capital XTRA Reloaded | http://media-ice.musicradio.com:80/CapitalXTRAReloadedMP3
2026-09-06 22:04:12  METADATA | Raekwon - Guillotine (Swordz)
2026-09-06 22:04:13  METADATA | Warren G - Regulate
2026-09-06 22:04:15.115  EXTERNAL CMD QUEUED PLAY | Sequence=101 | Volume=3
2026-09-06 22:04:15  VOLUME MAP | UI=16% -> Player=3%
2026-09-06 22:04:15  PLAY bigFM Oldschool Rap & Hip-Hop | https://stream.bigfm.de/oldschoolrap/mp3-128/stream.bigfm.de/
2026-09-06 22:04:15  METADATA | Warren G - Regulate
2026-09-06 22:04:16  METADATA | stream.bigfm
2026-09-06 22:04:41.897  EXTERNAL CMD QUEUED VOLUME | Sequence=102 | Volume=3
2026-09-06 22:04:41  VOLUME MAP | UI=19% -> Player=3%
2026-09-06 22:04:42.034  EXTERNAL CMD QUEUED VOLUME | Sequence=103 | Volume=4
2026-09-06 22:04:42  VOLUME MAP | UI=23% -> Player=4%
2026-09-06 22:04:42.170  EXTERNAL CMD QUEUED VOLUME | Sequence=104 | Volume=5
2026-09-06 22:04:42  VOLUME MAP | UI=26% -> Player=5%
2026-09-06 22:04:42.309  EXTERNAL CMD QUEUED VOLUME | Sequence=105 | Volume=5
2026-09-06 22:04:42  VOLUME MAP | UI=30% -> Player=5%
2026-09-06 22:04:42.446  EXTERNAL CMD QUEUED VOLUME | Sequence=106 | Volume=6
2026-09-06 22:04:42  VOLUME MAP | UI=33% -> Player=6%
2026-09-06 22:04:42.583  EXTERNAL CMD QUEUED VOLUME | Sequence=107 | Volume=7
2026-09-06 22:04:42  VOLUME MAP | UI=37% -> Player=7%
2026-09-06 22:04:42.721  EXTERNAL CMD QUEUED VOLUME | Sequence=108 | Volume=7
2026-09-06 22:04:42  VOLUME MAP | UI=39% -> Player=7%
2026-09-06 22:04:42  DUCK FADE OUT COMPLETE
2026-09-06 22:05:02.270  EXTERNAL CMD QUEUED VOLUME | Sequence=109 | Volume=5
2026-09-06 22:05:02  VOLUME MAP | UI=30% -> Player=5%
2026-09-06 22:05:02  DUCK FADE IN | DIALOG | Hold=1800ms | Attack=350ms
2026-09-06 22:05:02.410  EXTERNAL CMD QUEUED VOLUME | Sequence=110 | Volume=3
2026-09-06 22:05:02  VOLUME MAP | UI=20% -> Player=3%
2026-09-06 22:05:02.553  EXTERNAL CMD QUEUED VOLUME | Sequence=111 | Volume=3
2026-09-06 22:05:02  VOLUME MAP | UI=16% -> Player=3%
2026-09-06 22:05:10.120  EXTERNAL CMD QUEUED VOLUME | Sequence=112 | Volume=3
2026-09-06 22:05:10  VOLUME MAP | UI=19% -> Player=3%
2026-09-06 22:05:10.245  EXTERNAL CMD QUEUED VOLUME | Sequence=113 | Volume=4
2026-09-06 22:05:10  VOLUME MAP | UI=22% -> Player=4%
2026-09-06 22:05:10.368  EXTERNAL CMD QUEUED VOLUME | Sequence=114 | Volume=4
2026-09-06 22:05:10  VOLUME MAP | UI=25% -> Player=4%
2026-09-06 22:05:10.494  EXTERNAL CMD QUEUED VOLUME | Sequence=115 | Volume=5
2026-09-06 22:05:10  VOLUME MAP | UI=29% -> Player=5%
2026-09-06 22:05:10.616  EXTERNAL CMD QUEUED VOLUME | Sequence=116 | Volume=6
2026-09-06 22:05:10  VOLUME MAP | UI=32% -> Player=6%
2026-09-06 22:05:10.758  EXTERNAL CMD QUEUED VOLUME | Sequence=117 | Volume=6
2026-09-06 22:05:10  VOLUME MAP | UI=35% -> Player=6%
2026-09-06 22:05:10.883  EXTERNAL CMD QUEUED VOLUME | Sequence=118 | Volume=7
2026-09-06 22:05:10  VOLUME MAP | UI=39% -> Player=7%
2026-09-06 22:05:11.026  EXTERNAL CMD QUEUED VOLUME | Sequence=119 | Volume=7
2026-09-06 22:05:11  VOLUME MAP | UI=39% -> Player=7%
2026-09-06 22:05:11  DUCK FADE OUT COMPLETE
2026-09-06 22:05:18.608  EXTERNAL CMD QUEUED STOP | Sequence=120 | Volume=0
2026-09-06 22:06:11.494  EXTERNAL CMD QUEUED PLAY | Sequence=121 | Volume=7
2026-09-06 22:06:11  VOLUME MAP | UI=39% -> Player=7%
2026-09-06 22:06:11  PLAY bigFM Oldschool Rap & Hip-Hop | https://stream.bigfm.de/oldschoolrap/mp3-128/stream.bigfm.de/
2026-09-06 22:06:11  METADATA | stream.bigfm
2026-09-06 22:06:16.198  EXTERNAL CMD QUEUED PLAY | Sequence=122 | Volume=7
2026-09-06 22:06:16  VOLUME MAP | UI=39% -> Player=7%
2026-09-06 22:06:16  PLAY 80s80s HipHop | https://streams.80s80s.de/hiphop/mp3-128/streams.80s80s.de/
2026-09-06 22:06:16  METADATA | stream.bigfm
2026-09-06 22:06:17  METADATA | streams.80s80s
2026-09-06 22:07:29.588  EXTERNAL CMD QUEUED VOLUME | Sequence=123 | Volume=5
2026-09-06 22:07:29  VOLUME MAP | UI=29% -> Player=5%
2026-09-06 22:07:29  DUCK FADE IN | DIALOG | Hold=1800ms | Attack=350ms
2026-09-06 22:07:29.733  EXTERNAL CMD QUEUED VOLUME | Sequence=124 | Volume=3
2026-09-06 22:07:29  VOLUME MAP | UI=20% -> Player=3%
2026-09-06 22:07:29.858  EXTERNAL CMD QUEUED VOLUME | Sequence=125 | Volume=3
2026-09-06 22:07:29  VOLUME MAP | UI=16% -> Player=3%
2026-09-06 22:07:32.966  EXTERNAL CMD QUEUED VOLUME | Sequence=126 | Volume=3
2026-09-06 22:07:32  VOLUME MAP | UI=19% -> Player=3%
2026-09-06 22:07:33.099  EXTERNAL CMD QUEUED VOLUME | Sequence=127 | Volume=4
2026-09-06 22:07:33  VOLUME MAP | UI=23% -> Player=4%
2026-09-06 22:07:33.232  EXTERNAL CMD QUEUED VOLUME | Sequence=128 | Volume=5
2026-09-06 22:07:33  VOLUME MAP | UI=26% -> Player=5%
2026-09-06 22:07:33.366  EXTERNAL CMD QUEUED VOLUME | Sequence=129 | Volume=5
2026-09-06 22:07:33  VOLUME MAP | UI=29% -> Player=5%
2026-09-06 22:07:33.500  EXTERNAL CMD QUEUED VOLUME | Sequence=130 | Volume=6
2026-09-06 22:07:33  VOLUME MAP | UI=33% -> Player=6%
2026-09-06 22:07:33.635  EXTERNAL CMD QUEUED VOLUME | Sequence=131 | Volume=7
2026-09-06 22:07:33  VOLUME MAP | UI=36% -> Player=7%
2026-09-06 22:07:33.770  EXTERNAL CMD QUEUED VOLUME | Sequence=132 | Volume=7
2026-09-06 22:07:33  VOLUME MAP | UI=39% -> Player=7%
2026-09-06 22:07:33  DUCK FADE OUT COMPLETE
2026-09-06 22:07:51  RADIO VOLUME 37
2026-09-06 22:07:51  USER SETTINGS SAVED | Language=EN | Volume=37 | Duck=40 | Hold=1800ms | Fade=900ms | RadioMax=20 | YTMax=55 | Favorites=0
2026-09-06 22:07:52.079  EXTERNAL CMD QUEUED VOLUME | Sequence=133 | Volume=6
2026-09-06 22:07:52  VOLUME MAP | UI=35% -> Player=6%
2026-09-06 22:07:52  RADIO VOLUME 35
2026-09-06 22:07:52  USER SETTINGS SAVED | Language=EN | Volume=35 | Duck=40 | Hold=1800ms | Fade=900ms | RadioMax=20 | YTMax=55 | Favorites=0
2026-09-06 22:07:52  RADIO VOLUME 33
2026-09-06 22:07:52  USER SETTINGS SAVED | Language=EN | Volume=33 | Duck=40 | Hold=1800ms | Fade=900ms | RadioMax=20 | YTMax=55 | Favorites=0
2026-09-06 22:07:52  RADIO VOLUME 31
2026-09-06 22:07:52  USER SETTINGS SAVED | Language=EN | Volume=31 | Duck=40 | Hold=1800ms | Fade=900ms | RadioMax=20 | YTMax=55 | Favorites=0
2026-09-06 22:07:54.918  EXTERNAL CMD QUEUED VOLUME | Sequence=134 | Volume=5
2026-09-06 22:07:54  VOLUME MAP | UI=29% -> Player=5%
2026-09-06 22:07:54  RADIO VOLUME 29
2026-09-06 22:07:55  USER SETTINGS SAVED | Language=EN | Volume=29 | Duck=40 | Hold=1800ms | Fade=900ms | RadioMax=20 | YTMax=55 | Favorites=0
2026-09-06 22:07:55  RADIO VOLUME 27
2026-09-06 22:07:55  USER SETTINGS SAVED | Language=EN | Volume=27 | Duck=40 | Hold=1800ms | Fade=900ms | RadioMax=20 | YTMax=55 | Favorites=0
2026-09-06 22:07:55.645  EXTERNAL CMD QUEUED VOLUME | Sequence=135 | Volume=4
2026-09-06 22:07:55  VOLUME MAP | UI=25% -> Player=4%
2026-09-06 22:07:55  RADIO VOLUME 25
2026-09-06 22:07:55  USER SETTINGS SAVED | Language=EN | Volume=25 | Duck=40 | Hold=1800ms | Fade=900ms | RadioMax=20 | YTMax=55 | Favorites=0
2026-09-06 22:08:07.976  EXTERNAL CMD QUEUED STOP | Sequence=136 | Volume=0
2026-09-06 22:08:49.535  EXTERNAL CMD QUEUED PLAY | Sequence=137 | Volume=4
2026-09-06 22:08:49  VOLUME MAP | UI=25% -> Player=4%
2026-09-06 22:08:49  PLAY 80s80s HipHop | https://streams.80s80s.de/hiphop/mp3-128/streams.80s80s.de/
2026-09-06 22:08:49  METADATA | streams.80s80s
2026-09-06 22:09:24  RADIO VOLUME 23
2026-09-06 22:09:24  USER SETTINGS SAVED | Language=EN | Volume=23 | Duck=40 | Hold=1800ms | Fade=900ms | RadioMax=20 | YTMax=55 | Favorites=0
2026-09-06 22:09:24  RADIO VOLUME 21
2026-09-06 22:09:24  USER SETTINGS SAVED | Language=EN | Volume=21 | Duck=40 | Hold=1800ms | Fade=900ms | RadioMax=20 | YTMax=55 | Favorites=0
2026-09-06 22:09:24.790  EXTERNAL CMD QUEUED VOLUME | Sequence=138 | Volume=3
2026-09-06 22:09:24  VOLUME MAP | UI=19% -> Player=3%
2026-09-06 22:09:24  RADIO VOLUME 19
2026-09-06 22:09:24  USER SETTINGS SAVED | Language=EN | Volume=19 | Duck=40 | Hold=1800ms | Fade=900ms | RadioMax=20 | YTMax=55 | Favorites=0
2026-09-06 22:09:27.595  EXTERNAL CMD QUEUED VOLUME | Sequence=139 | Volume=2
2026-09-06 22:09:27  VOLUME MAP | UI=15% -> Player=2%
2026-09-06 22:09:27  DUCK FADE IN | DIALOG | Hold=1800ms | Attack=350ms
2026-09-06 22:09:27.722  EXTERNAL CMD QUEUED VOLUME | Sequence=140 | Volume=2
2026-09-06 22:09:27  VOLUME MAP | UI=11% -> Player=2%
2026-09-06 22:09:27.852  EXTERNAL CMD QUEUED VOLUME | Sequence=141 | Volume=1
2026-09-06 22:09:27  VOLUME MAP | UI=8% -> Player=1%
2026-09-06 22:09:31.184  EXTERNAL CMD QUEUED VOLUME | Sequence=142 | Volume=1
2026-09-06 22:09:31  VOLUME MAP | UI=9% -> Player=1%
2026-09-06 22:09:31.316  EXTERNAL CMD QUEUED VOLUME | Sequence=143 | Volume=2
2026-09-06 22:09:31  VOLUME MAP | UI=11% -> Player=2%
2026-09-06 22:09:31.447  EXTERNAL CMD QUEUED VOLUME | Sequence=144 | Volume=2
2026-09-06 22:09:31  VOLUME MAP | UI=13% -> Player=2%
2026-09-06 22:09:31.575  EXTERNAL CMD QUEUED VOLUME | Sequence=145 | Volume=2
2026-09-06 22:09:31  VOLUME MAP | UI=14% -> Player=2%
2026-09-06 22:09:31.707  EXTERNAL CMD QUEUED VOLUME | Sequence=146 | Volume=3
2026-09-06 22:09:31  VOLUME MAP | UI=16% -> Player=3%
2026-09-06 22:09:31.837  EXTERNAL CMD QUEUED VOLUME | Sequence=147 | Volume=3
2026-09-06 22:09:31  VOLUME MAP | UI=17% -> Player=3%
2026-09-06 22:09:31.966  EXTERNAL CMD QUEUED VOLUME | Sequence=148 | Volume=3
2026-09-06 22:09:31  VOLUME MAP | UI=19% -> Player=3%
2026-09-06 22:09:31  DUCK FADE OUT COMPLETE
2026-09-06 22:09:38.397  EXTERNAL CMD QUEUED STOP | Sequence=149 | Volume=0
2026-09-06 22:23:45  KONSTRUKTOR START v1.0.0 NEXUS RELEASE
2026-09-06 22:23:45  USER SETTINGS LOADED | Language=EN | Volume=19 | Duck=40 | Hold=1800ms | Fade=900ms | RadioMax=20 | YTMax=55 | Skin=SAKURA ZEN | Favorites=0
2026-09-06 22:23:45  INI loaded | Stations=61 | Start=0 | Categories=10 | Favorites=0
2026-09-06 22:23:45  MINECRAFT BLOCK ASSET READY | C:\Program Files\Rockstar Games\Neuer Ordner\Grand Theft Auto V Enhanced\scripts\InternetRadio\MinecraftGrassBlock.png
2026-09-06 22:23:45  SAKURA ZEN MOTIF READY | C:\Program Files\Rockstar Games\Neuer Ordner\Grand Theft Auto V Enhanced\scripts\InternetRadio\SakuraZenMotif.png
2026-09-06 22:23:45.117  EXTERNAL AUDIO HELPER START | PID=19700
2026-09-06 22:23:45.133  YOUTUBE BRIDGE START | PID=25524
2026-09-06 22:23:45  Initialisierung komplett | Sender=61
2026-09-06 22:26:02.157  EXTERNAL CMD QUEUED PLAY | Sequence=1 | Volume=3
2026-09-06 22:26:02  VOLUME MAP | UI=19% -> Player=3%
2026-09-06 22:26:02  PLAY 1LIVE Hip Hop & RnB | https://wdr-1live-hiphoprnb.icecast.wdr.de/wdr/1live/hiphoprnb/mp3/128/stream.mp3
2026-09-06 22:26:03  METADATA | 1LIVE - R
2026-09-06 22:26:27.287  EXTERNAL CMD QUEUED VOLUME | Sequence=2 | Volume=4
2026-09-06 22:26:27  VOLUME MAP | UI=21% -> Player=4%
2026-09-06 22:26:27  RADIO VOLUME 21
2026-09-06 22:26:27  RADIO VOLUME 23
2026-09-06 22:26:27  RADIO VOLUME 25
2026-09-06 22:26:27.920  EXTERNAL CMD QUEUED VOLUME | Sequence=3 | Volume=5
2026-09-06 22:26:27  VOLUME MAP | UI=27% -> Player=5%
2026-09-06 22:26:27  RADIO VOLUME 27
2026-09-06 22:26:28  USER SETTINGS SAVED | Language=EN | Volume=27 | Duck=40 | Hold=1800ms | Fade=900ms | RadioMax=20 | YTMax=55 | Favorites=0
2026-09-06 22:26:28  RADIO VOLUME 29
2026-09-06 22:26:28  USER SETTINGS SAVED | Language=EN | Volume=29 | Duck=40 | Hold=1800ms | Fade=900ms | RadioMax=20 | YTMax=55 | Favorites=0
2026-09-06 22:26:28.450  EXTERNAL CMD QUEUED VOLUME | Sequence=4 | Volume=6
2026-09-06 22:26:28  VOLUME MAP | UI=31% -> Player=6%
2026-09-06 22:26:28  RADIO VOLUME 31
2026-09-06 22:26:28  USER SETTINGS SAVED | Language=EN | Volume=31 | Duck=40 | Hold=1800ms | Fade=900ms | RadioMax=20 | YTMax=55 | Favorites=0
2026-09-06 22:26:28  RADIO VOLUME 33
2026-09-06 22:26:28  USER SETTINGS SAVED | Language=EN | Volume=33 | Duck=40 | Hold=1800ms | Fade=900ms | RadioMax=20 | YTMax=55 | Favorites=0
2026-09-06 22:26:28  RADIO VOLUME 35
2026-09-06 22:26:29  USER SETTINGS SAVED | Language=EN | Volume=35 | Duck=40 | Hold=1800ms | Fade=900ms | RadioMax=20 | YTMax=55 | Favorites=0
2026-09-06 22:26:29.288  EXTERNAL CMD QUEUED VOLUME | Sequence=5 | Volume=7
2026-09-06 22:26:29  VOLUME MAP | UI=37% -> Player=7%
2026-09-06 22:26:29  RADIO VOLUME 37
2026-09-06 22:26:29  USER SETTINGS SAVED | Language=EN | Volume=37 | Duck=40 | Hold=1800ms | Fade=900ms | RadioMax=20 | YTMax=55 | Favorites=0
2026-09-06 22:26:29  RADIO VOLUME 39
2026-09-06 22:26:29  USER SETTINGS SAVED | Language=EN | Volume=39 | Duck=40 | Hold=1800ms | Fade=900ms | RadioMax=20 | YTMax=55 | Favorites=0
2026-09-06 22:26:30.018  EXTERNAL CMD QUEUED VOLUME | Sequence=6 | Volume=8
2026-09-06 22:26:30  VOLUME MAP | UI=41% -> Player=8%
2026-09-06 22:26:30  RADIO VOLUME 41
2026-09-06 22:26:30  USER SETTINGS SAVED | Language=EN | Volume=41 | Duck=40 | Hold=1800ms | Fade=900ms | RadioMax=20 | YTMax=55 | Favorites=0
2026-09-06 22:26:30  RADIO VOLUME 43
2026-09-06 22:26:30  USER SETTINGS SAVED | Language=EN | Volume=43 | Duck=40 | Hold=1800ms | Fade=900ms | RadioMax=20 | YTMax=55 | Favorites=0
2026-09-06 22:26:30  RADIO VOLUME 45
2026-09-06 22:26:30  USER SETTINGS SAVED | Language=EN | Volume=45 | Duck=40 | Hold=1800ms | Fade=900ms | RadioMax=20 | YTMax=55 | Favorites=0
2026-09-06 22:26:51.590  EXTERNAL CMD QUEUED STOP | Sequence=7 | Volume=0
2026-09-06 22:27:00.540  EXTERNAL CMD QUEUED PLAY | Sequence=8 | Volume=8
2026-09-06 22:27:00  VOLUME MAP | UI=45% -> Player=8%
2026-09-06 22:27:00  PLAY 1LIVE Hip Hop & RnB | https://wdr-1live-hiphoprnb.icecast.wdr.de/wdr/1live/hiphoprnb/mp3/128/stream.mp3
2026-09-06 22:27:00  METADATA | 1live_hiphoprnb
2026-09-06 22:27:00.648  EXTERNAL CMD QUEUED VOLUME | Sequence=9 | Volume=7
2026-09-06 22:27:00  VOLUME MAP | UI=37% -> Player=7%
2026-09-06 22:27:00  DUCK FADE IN | DIALOG | Hold=1800ms | Attack=350ms
2026-09-06 22:27:00.768  EXTERNAL CMD QUEUED VOLUME | Sequence=10 | Volume=5
2026-09-06 22:27:00  VOLUME MAP | UI=28% -> Player=5%
2026-09-06 22:27:00.889  EXTERNAL CMD QUEUED VOLUME | Sequence=11 | Volume=3
2026-09-06 22:27:00  VOLUME MAP | UI=18% -> Player=3%
2026-09-06 22:27:01.005  EXTERNAL CMD QUEUED VOLUME | Sequence=12 | Volume=3
2026-09-06 22:27:01  VOLUME MAP | UI=18% -> Player=3%
2026-09-06 22:27:01  METADATA | 1LIVE - R
2026-09-06 22:27:05.509  EXTERNAL CMD QUEUED VOLUME | Sequence=13 | Volume=4
2026-09-06 22:27:05  VOLUME MAP | UI=22% -> Player=4%
2026-09-06 22:27:05.649  EXTERNAL CMD QUEUED VOLUME | Sequence=14 | Volume=5
2026-09-06 22:27:05  VOLUME MAP | UI=27% -> Player=5%
2026-09-06 22:27:05.784  EXTERNAL CMD QUEUED VOLUME | Sequence=15 | Volume=6
2026-09-06 22:27:05  VOLUME MAP | UI=31% -> Player=6%
2026-09-06 22:27:05.919  EXTERNAL CMD QUEUED VOLUME | Sequence=16 | Volume=6
2026-09-06 22:27:05  VOLUME MAP | UI=35% -> Player=6%
2026-09-06 22:27:06.051  EXTERNAL CMD QUEUED VOLUME | Sequence=17 | Volume=7
2026-09-06 22:27:06  VOLUME MAP | UI=39% -> Player=7%
2026-09-06 22:27:06.185  EXTERNAL CMD QUEUED VOLUME | Sequence=18 | Volume=8
2026-09-06 22:27:06  VOLUME MAP | UI=43% -> Player=8%
2026-09-06 22:27:06.318  EXTERNAL CMD QUEUED VOLUME | Sequence=19 | Volume=8
2026-09-06 22:27:06  VOLUME MAP | UI=45% -> Player=8%
2026-09-06 22:27:06  DUCK FADE OUT COMPLETE
2026-09-06 22:27:28.016  EXTERNAL CMD QUEUED VOLUME | Sequence=20 | Volume=6
2026-09-06 22:27:28  VOLUME MAP | UI=35% -> Player=6%
2026-09-06 22:27:28  DUCK FADE IN | DIALOG | Hold=1800ms | Attack=350ms
2026-09-06 22:27:28.152  EXTERNAL CMD QUEUED VOLUME | Sequence=21 | Volume=4
2026-09-06 22:27:28  VOLUME MAP | UI=24% -> Player=4%
2026-09-06 22:27:28.290  EXTERNAL CMD QUEUED VOLUME | Sequence=22 | Volume=3
2026-09-06 22:27:28  VOLUME MAP | UI=18% -> Player=3%
2026-09-06 22:27:31.759  EXTERNAL CMD QUEUED VOLUME | Sequence=23 | Volume=4
2026-09-06 22:27:31  VOLUME MAP | UI=22% -> Player=4%
2026-09-06 22:27:31.899  EXTERNAL CMD QUEUED VOLUME | Sequence=24 | Volume=5
2026-09-06 22:27:31  VOLUME MAP | UI=26% -> Player=5%
2026-09-06 22:27:32.039  EXTERNAL CMD QUEUED VOLUME | Sequence=25 | Volume=5
2026-09-06 22:27:32  VOLUME MAP | UI=30% -> Player=5%
2026-09-06 22:27:32.181  EXTERNAL CMD QUEUED VOLUME | Sequence=26 | Volume=6
2026-09-06 22:27:32  VOLUME MAP | UI=35% -> Player=6%
2026-09-06 22:27:32.319  EXTERNAL CMD QUEUED VOLUME | Sequence=27 | Volume=7
2026-09-06 22:27:32  VOLUME MAP | UI=39% -> Player=7%
2026-09-06 22:27:32.458  EXTERNAL CMD QUEUED VOLUME | Sequence=28 | Volume=8
2026-09-06 22:27:32  VOLUME MAP | UI=43% -> Player=8%
2026-09-06 22:27:32.596  EXTERNAL CMD QUEUED VOLUME | Sequence=29 | Volume=8
2026-09-06 22:27:32  VOLUME MAP | UI=45% -> Player=8%
2026-09-06 22:27:32  DUCK FADE OUT COMPLETE
2026-09-06 22:27:42.375  EXTERNAL CMD QUEUED VOLUME | Sequence=30 | Volume=7
2026-09-06 22:27:42  VOLUME MAP | UI=36% -> Player=7%
2026-09-06 22:27:42  DUCK FADE IN | ANRUF | Hold=1800ms | Attack=350ms
2026-09-06 22:27:42.519  EXTERNAL CMD QUEUED VOLUME | Sequence=31 | Volume=4
2026-09-06 22:27:42  VOLUME MAP | UI=25% -> Player=4%
2026-09-06 22:27:42.665  EXTERNAL CMD QUEUED VOLUME | Sequence=32 | Volume=3
2026-09-06 22:27:42  VOLUME MAP | UI=18% -> Player=3%
2026-09-06 22:28:18  DUCK REASON | DIALOG
2026-09-06 22:28:26.283  EXTERNAL CMD QUEUED VOLUME | Sequence=33 | Volume=4
2026-09-06 22:28:26  VOLUME MAP | UI=22% -> Player=4%
2026-09-06 22:28:26.415  EXTERNAL CMD QUEUED VOLUME | Sequence=34 | Volume=5
2026-09-06 22:28:26  VOLUME MAP | UI=26% -> Player=5%
2026-09-06 22:28:26.546  EXTERNAL CMD QUEUED VOLUME | Sequence=35 | Volume=5
2026-09-06 22:28:26  VOLUME MAP | UI=30% -> Player=5%
2026-09-06 22:28:26.676  EXTERNAL CMD QUEUED VOLUME | Sequence=36 | Volume=6
2026-09-06 22:28:26  VOLUME MAP | UI=34% -> Player=6%
2026-09-06 22:28:26.806  EXTERNAL CMD QUEUED VOLUME | Sequence=37 | Volume=7
2026-09-06 22:28:26  VOLUME MAP | UI=38% -> Player=7%
2026-09-06 22:28:26.937  EXTERNAL CMD QUEUED VOLUME | Sequence=38 | Volume=8
2026-09-06 22:28:26  VOLUME MAP | UI=42% -> Player=8%
2026-09-06 22:28:27.069  EXTERNAL CMD QUEUED VOLUME | Sequence=39 | Volume=8
2026-09-06 22:28:27  VOLUME MAP | UI=45% -> Player=8%
2026-09-06 22:28:27  DUCK FADE OUT COMPLETE
2026-09-06 22:28:53.877  EXTERNAL CMD QUEUED STOP | Sequence=40 | Volume=0
2026-09-06 22:33:25.018  EXTERNAL CMD QUEUED PLAY | Sequence=41 | Volume=8
2026-09-06 22:33:25  VOLUME MAP | UI=45% -> Player=8%
2026-09-06 22:33:25  PLAY 1LIVE Hip Hop & RnB | https://wdr-1live-hiphoprnb.icecast.wdr.de/wdr/1live/hiphoprnb/mp3/128/stream.mp3
2026-09-06 22:33:25  METADATA | 1live_hiphoprnb
2026-09-06 22:33:26  METADATA | 1LIVE - R
2026-09-06 22:36:27  KONSTRUKTOR START v1.0.0 NEXUS RELEASE
2026-09-06 22:36:27  USER SETTINGS LOADED | Language=EN | Volume=45 | Duck=40 | Hold=1800ms | Fade=900ms | RadioMax=20 | YTMax=55 | Skin=SAKURA ZEN | Favorites=0
2026-09-06 22:36:27  INI loaded | Stations=61 | Start=0 | Categories=10 | Favorites=0
2026-09-06 22:36:27  MINECRAFT BLOCK ASSET READY | C:\Program Files\Rockstar Games\Neuer Ordner\Grand Theft Auto V Enhanced\scripts\InternetRadio\MinecraftGrassBlock.png
2026-09-06 22:36:27  SAKURA ZEN MOTIF READY | C:\Program Files\Rockstar Games\Neuer Ordner\Grand Theft Auto V Enhanced\scripts\InternetRadio\SakuraZenMotif.png
2026-09-06 22:36:27.319  EXTERNAL AUDIO HELPER START | PID=25364
2026-09-06 22:36:27.336  YOUTUBE BRIDGE START | PID=21484
2026-09-06 22:36:27  Initialisierung komplett | Sender=61
2026-09-06 22:36:50.653  EXTERNAL CMD QUEUED PLAY | Sequence=1 | Volume=8
2026-09-06 22:36:50  VOLUME MAP | UI=45% -> Player=8%
2026-09-06 22:36:50  PLAY 1LIVE Hip Hop & RnB | https://wdr-1live-hiphoprnb.icecast.wdr.de/wdr/1live/hiphoprnb/mp3/128/stream.mp3
2026-09-06 22:36:51  METADATA | 1LIVE - R
2026-09-06 22:37:06  MENU SLOW MOTION ON | TimeScale=0.45
2026-09-06 22:37:06  MENU OPEN SOUND | SELECT | HUD_FRONTEND_DEFAULT_SOUNDSET
2026-09-06 22:37:06.118  EXTERNAL CMD QUEUED VOLUME | Sequence=2 | Volume=6
2026-09-06 22:37:06  VOLUME MAP | UI=35% -> Player=6%
2026-09-06 22:37:06  DUCK FADE IN | MENUE | Hold=1800ms | Attack=350ms
2026-09-06 22:37:06.268  EXTERNAL CMD QUEUED VOLUME | Sequence=3 | Volume=4
2026-09-06 22:37:06  VOLUME MAP | UI=23% -> Player=4%
2026-09-06 22:37:06.396  EXTERNAL CMD QUEUED VOLUME | Sequence=4 | Volume=3
2026-09-06 22:37:06  VOLUME MAP | UI=18% -> Player=3%
2026-09-06 22:37:12.749  EXTERNAL CMD QUEUED PLAY | Sequence=5 | Volume=8
2026-09-06 22:37:12  VOLUME MAP | UI=45% -> Player=8%
2026-09-06 22:37:12  PLAY KISS FM Oldschool Hip-Hop | https://stream.kissfm.de/kissfm-hiphop/mp3-192/internetradio
2026-09-06 22:37:12.751  EXTERNAL CMD QUEUED VOLUME | Sequence=6 | Volume=8
2026-09-06 22:37:12  VOLUME MAP | UI=45% -> Player=8%
2026-09-06 22:37:12  DUCK FADE IN | MENUE | Hold=1800ms | Attack=350ms
2026-09-06 22:37:12  METADATA | 1LIVE - R
2026-09-06 22:37:12.913  EXTERNAL CMD QUEUED VOLUME | Sequence=7 | Volume=6
2026-09-06 22:37:12  VOLUME MAP | UI=33% -> Player=6%
2026-09-06 22:37:13.036  EXTERNAL CMD QUEUED VOLUME | Sequence=8 | Volume=4
2026-09-06 22:37:13  VOLUME MAP | UI=23% -> Player=4%
2026-09-06 22:37:13.181  EXTERNAL CMD QUEUED VOLUME | Sequence=9 | Volume=3
2026-09-06 22:37:13  VOLUME MAP | UI=18% -> Player=3%
2026-09-06 22:37:13  MENU SLOW MOTION OFF | TimeScale=1.00
2026-09-06 22:37:13  USER SETTINGS SAVED | Language=EN | Volume=45 | Duck=40 | Hold=1800ms | Fade=900ms | RadioMax=20 | YTMax=55 | Favorites=0
2026-09-06 22:37:13.348  EXTERNAL CMD QUEUED VOLUME | Sequence=10 | Volume=4
2026-09-06 22:37:13  VOLUME MAP | UI=23% -> Player=4%
2026-09-06 22:37:13.491  EXTERNAL CMD QUEUED VOLUME | Sequence=11 | Volume=5
2026-09-06 22:37:13  VOLUME MAP | UI=27% -> Player=5%
2026-09-06 22:37:13.619  EXTERNAL CMD QUEUED VOLUME | Sequence=12 | Volume=6
2026-09-06 22:37:13  VOLUME MAP | UI=31% -> Player=6%
2026-09-06 22:37:13.767  EXTERNAL CMD QUEUED VOLUME | Sequence=13 | Volume=7
2026-09-06 22:37:13  VOLUME MAP | UI=36% -> Player=7%
2026-09-06 22:37:13.893  EXTERNAL CMD QUEUED VOLUME | Sequence=14 | Volume=7
2026-09-06 22:37:13  VOLUME MAP | UI=39% -> Player=7%
2026-09-06 22:37:14.042  EXTERNAL CMD QUEUED VOLUME | Sequence=15 | Volume=8
2026-09-06 22:37:14  VOLUME MAP | UI=44% -> Player=8%
2026-09-06 22:37:14.168  EXTERNAL CMD QUEUED VOLUME | Sequence=16 | Volume=8
2026-09-06 22:37:14  VOLUME MAP | UI=45% -> Player=8%
2026-09-06 22:37:14  DUCK FADE OUT COMPLETE
2026-09-06 22:37:15  METADATA | FOXY BROWN FEAT. LOON & N.O.R.E. - STYLIN RMX
2026-09-06 22:37:19  RADIO VOLUME 43
2026-09-06 22:37:19  USER SETTINGS SAVED | Language=EN | Volume=43 | Duck=40 | Hold=1800ms | Fade=900ms | RadioMax=20 | YTMax=55 | Favorites=0
2026-09-06 22:37:19  RADIO VOLUME 41
2026-09-06 22:37:19  USER SETTINGS SAVED | Language=EN | Volume=41 | Duck=40 | Hold=1800ms | Fade=900ms | RadioMax=20 | YTMax=55 | Favorites=0
2026-09-06 22:37:19.976  EXTERNAL CMD QUEUED VOLUME | Sequence=17 | Volume=7
2026-09-06 22:37:19  VOLUME MAP | UI=39% -> Player=7%
2026-09-06 22:37:19  RADIO VOLUME 39
2026-09-06 22:37:20  USER SETTINGS SAVED | Language=EN | Volume=39 | Duck=40 | Hold=1800ms | Fade=900ms | RadioMax=20 | YTMax=55 | Favorites=0
2026-09-06 22:37:20  RADIO VOLUME 37
2026-09-06 22:37:20  USER SETTINGS SAVED | Language=EN | Volume=37 | Duck=40 | Hold=1800ms | Fade=900ms | RadioMax=20 | YTMax=55 | Favorites=0
2026-09-06 22:37:20.418  EXTERNAL CMD QUEUED VOLUME | Sequence=18 | Volume=6
2026-09-06 22:37:20  VOLUME MAP | UI=35% -> Player=6%
2026-09-06 22:37:20  RADIO VOLUME 35
2026-09-06 22:37:20  USER SETTINGS SAVED | Language=EN | Volume=35 | Duck=40 | Hold=1800ms | Fade=900ms | RadioMax=20 | YTMax=55 | Favorites=0
2026-09-06 22:37:20  RADIO VOLUME 33
2026-09-06 22:37:20  USER SETTINGS SAVED | Language=EN | Volume=33 | Duck=40 | Hold=1800ms | Fade=900ms | RadioMax=20 | YTMax=55 | Favorites=0
2026-09-06 22:37:20  RADIO VOLUME 31
2026-09-06 22:37:20  USER SETTINGS SAVED | Language=EN | Volume=31 | Duck=40 | Hold=1800ms | Fade=900ms | RadioMax=20 | YTMax=55 | Favorites=0
2026-09-06 22:37:44.533  EXTERNAL CMD QUEUED VOLUME | Sequence=19 | Volume=4
2026-09-06 22:37:44  VOLUME MAP | UI=25% -> Player=4%
2026-09-06 22:37:44  DUCK FADE IN | DIALOG | Hold=1800ms | Attack=350ms
2026-09-06 22:37:44.661  EXTERNAL CMD QUEUED VOLUME | Sequence=20 | Volume=3
2026-09-06 22:37:44  VOLUME MAP | UI=18% -> Player=3%
2026-09-06 22:37:44.784  EXTERNAL CMD QUEUED VOLUME | Sequence=21 | Volume=2
2026-09-06 22:37:44  VOLUME MAP | UI=12% -> Player=2%
2026-09-06 22:37:48.555  EXTERNAL CMD QUEUED VOLUME | Sequence=22 | Volume=2
2026-09-06 22:37:48  VOLUME MAP | UI=15% -> Player=2%
2026-09-06 22:37:48.695  EXTERNAL CMD QUEUED VOLUME | Sequence=23 | Volume=3
2026-09-06 22:37:48  VOLUME MAP | UI=18% -> Player=3%
2026-09-06 22:37:48.833  EXTERNAL CMD QUEUED VOLUME | Sequence=24 | Volume=4
2026-09-06 22:37:48  VOLUME MAP | UI=21% -> Player=4%
2026-09-06 22:37:48.971  EXTERNAL CMD QUEUED VOLUME | Sequence=25 | Volume=4
2026-09-06 22:37:48  VOLUME MAP | UI=24% -> Player=4%
2026-09-06 22:37:49.111  EXTERNAL CMD QUEUED VOLUME | Sequence=26 | Volume=5
2026-09-06 22:37:49  VOLUME MAP | UI=27% -> Player=5%
2026-09-06 22:37:49.249  EXTERNAL CMD QUEUED VOLUME | Sequence=27 | Volume=5
2026-09-06 22:37:49  VOLUME MAP | UI=30% -> Player=5%
2026-09-06 22:37:49.387  EXTERNAL CMD QUEUED VOLUME | Sequence=28 | Volume=6
2026-09-06 22:37:49  VOLUME MAP | UI=31% -> Player=6%
2026-09-06 22:37:49  DUCK FADE OUT COMPLETE
2026-09-06 22:38:25.192  EXTERNAL CMD QUEUED VOLUME | Sequence=29 | Volume=4
2026-09-06 22:38:25  VOLUME MAP | UI=24% -> Player=4%
2026-09-06 22:38:25  DUCK FADE IN | DIALOG | Hold=1800ms | Attack=350ms
2026-09-06 22:38:25.328  EXTERNAL CMD QUEUED VOLUME | Sequence=30 | Volume=3
2026-09-06 22:38:25  VOLUME MAP | UI=17% -> Player=3%
2026-09-06 22:38:25.468  EXTERNAL CMD QUEUED VOLUME | Sequence=31 | Volume=2
2026-09-06 22:38:25  VOLUME MAP | UI=12% -> Player=2%
2026-09-06 22:38:29.403  EXTERNAL CMD QUEUED VOLUME | Sequence=32 | Volume=2
2026-09-06 22:38:29  VOLUME MAP | UI=15% -> Player=2%
2026-09-06 22:38:29.545  EXTERNAL CMD QUEUED VOLUME | Sequence=33 | Volume=3
2026-09-06 22:38:29  VOLUME MAP | UI=18% -> Player=3%
2026-09-06 22:38:29.683  EXTERNAL CMD QUEUED VOLUME | Sequence=34 | Volume=4
2026-09-06 22:38:29  VOLUME MAP | UI=21% -> Player=4%
2026-09-06 22:38:29.821  EXTERNAL CMD QUEUED VOLUME | Sequence=35 | Volume=4
2026-09-06 22:38:29  VOLUME MAP | UI=24% -> Player=4%
2026-09-06 22:38:29.959  EXTERNAL CMD QUEUED VOLUME | Sequence=36 | Volume=5
2026-09-06 22:38:29  VOLUME MAP | UI=27% -> Player=5%
2026-09-06 22:38:30.099  EXTERNAL CMD QUEUED VOLUME | Sequence=37 | Volume=5
2026-09-06 22:38:30  VOLUME MAP | UI=30% -> Player=5%
2026-09-06 22:38:30.234  EXTERNAL CMD QUEUED VOLUME | Sequence=38 | Volume=6
2026-09-06 22:38:30  VOLUME MAP | UI=31% -> Player=6%
2026-09-06 22:38:30  DUCK FADE OUT COMPLETE
2026-09-06 22:38:31.159  EXTERNAL CMD QUEUED STOP | Sequence=39 | Volume=0
2026-09-06 22:38:41.326  EXTERNAL CMD QUEUED PLAY | Sequence=40 | Volume=6
2026-09-06 22:38:41  VOLUME MAP | UI=31% -> Player=6%
2026-09-06 22:38:41  PLAY KISS FM Oldschool Hip-Hop | https://stream.kissfm.de/kissfm-hiphop/mp3-192/internetradio
2026-09-06 22:38:41.327  EXTERNAL CMD QUEUED VOLUME | Sequence=41 | Volume=3
2026-09-06 22:38:41  VOLUME MAP | UI=18% -> Player=3%
2026-09-06 22:38:41  DUCK FADE IN | DIALOG | Hold=1800ms | Attack=350ms
2026-09-06 22:38:41  METADATA | KissFM OLD SCHOOL HIPHOP
2026-09-06 22:38:41.439  EXTERNAL CMD QUEUED VOLUME | Sequence=42 | Volume=2
2026-09-06 22:38:41  VOLUME MAP | UI=12% -> Player=2%
2026-09-06 22:38:43  METADATA | internetradio
2026-09-06 22:38:45  METADATA | KissFM OLD SCHOOL HIPHOP
2026-09-06 22:41:02.616  EXTERNAL CMD QUEUED VOLUME | Sequence=43 | Volume=3
2026-09-06 22:41:02  VOLUME MAP | UI=18% -> Player=3%
2026-09-06 22:41:02.741  EXTERNAL CMD QUEUED VOLUME | Sequence=44 | Volume=3
2026-09-06 22:41:02  VOLUME MAP | UI=20% -> Player=3%
2026-09-06 22:41:02.865  EXTERNAL CMD QUEUED VOLUME | Sequence=45 | Volume=4
2026-09-06 22:41:02  VOLUME MAP | UI=23% -> Player=4%
2026-09-06 22:41:02.989  EXTERNAL CMD QUEUED VOLUME | Sequence=46 | Volume=4
2026-09-06 22:41:02  VOLUME MAP | UI=25% -> Player=4%
2026-09-06 22:41:03.115  EXTERNAL CMD QUEUED VOLUME | Sequence=47 | Volume=5
2026-09-06 22:41:03  VOLUME MAP | UI=28% -> Player=5%
2026-09-06 22:41:03.244  EXTERNAL CMD QUEUED VOLUME | Sequence=48 | Volume=6
2026-09-06 22:41:03  VOLUME MAP | UI=31% -> Player=6%
2026-09-06 22:41:03.374  EXTERNAL CMD QUEUED VOLUME | Sequence=49 | Volume=6
2026-09-06 22:41:03  VOLUME MAP | UI=31% -> Player=6%
2026-09-06 22:41:03  DUCK FADE OUT COMPLETE
2026-09-06 22:41:30.171  EXTERNAL CMD QUEUED STOP | Sequence=50 | Volume=0
2026-09-06 22:43:01.580  EXTERNAL CMD QUEUED PLAY | Sequence=51 | Volume=6
2026-09-06 22:43:01  VOLUME MAP | UI=31% -> Player=6%
2026-09-06 22:43:01  PLAY KISS FM Oldschool Hip-Hop | https://stream.kissfm.de/kissfm-hiphop/mp3-192/internetradio
2026-09-06 22:43:01.581  EXTERNAL CMD QUEUED VOLUME | Sequence=52 | Volume=3
2026-09-06 22:43:01  VOLUME MAP | UI=18% -> Player=3%
2026-09-06 22:43:01  DUCK FADE IN | DIALOG | Hold=1800ms | Attack=350ms
2026-09-06 22:43:01  METADATA | KissFM OLD SCHOOL HIPHOP
2026-09-06 22:43:01.700  EXTERNAL CMD QUEUED VOLUME | Sequence=53 | Volume=2
2026-09-06 22:43:01  VOLUME MAP | UI=12% -> Player=2%
2026-09-06 22:43:03  METADATA | MASTER P - OOOH WEE
2026-09-06 22:43:05.865  EXTERNAL CMD QUEUED VOLUME | Sequence=54 | Volume=2
2026-09-06 22:43:05  VOLUME MAP | UI=15% -> Player=2%
2026-09-06 22:43:05.988  EXTERNAL CMD QUEUED VOLUME | Sequence=55 | Volume=3
2026-09-06 22:43:05  VOLUME MAP | UI=17% -> Player=3%
2026-09-06 22:43:06.111  EXTERNAL CMD QUEUED VOLUME | Sequence=56 | Volume=3
2026-09-06 22:43:06  VOLUME MAP | UI=20% -> Player=3%
2026-09-06 22:43:06.238  EXTERNAL CMD QUEUED VOLUME | Sequence=57 | Volume=4
2026-09-06 22:43:06  VOLUME MAP | UI=23% -> Player=4%
2026-09-06 22:43:06.368  EXTERNAL CMD QUEUED VOLUME | Sequence=58 | Volume=4
2026-09-06 22:43:06  VOLUME MAP | UI=25% -> Player=4%
2026-09-06 22:43:06.501  EXTERNAL CMD QUEUED VOLUME | Sequence=59 | Volume=5
2026-09-06 22:43:06  VOLUME MAP | UI=28% -> Player=5%
2026-09-06 22:43:06.633  EXTERNAL CMD QUEUED VOLUME | Sequence=60 | Volume=6
2026-09-06 22:43:06  VOLUME MAP | UI=31% -> Player=6%
2026-09-06 22:43:06.760  EXTERNAL CMD QUEUED VOLUME | Sequence=61 | Volume=6
2026-09-06 22:43:06  VOLUME MAP | UI=31% -> Player=6%
2026-09-06 22:43:06  DUCK FADE OUT COMPLETE
2026-09-06 22:43:09.808  EXTERNAL CMD QUEUED VOLUME | Sequence=62 | Volume=5
2026-09-06 22:43:09  VOLUME MAP | UI=29% -> Player=5%
2026-09-06 22:43:09  RADIO VOLUME 29
2026-09-06 22:43:09  USER SETTINGS SAVED | Language=EN | Volume=29 | Duck=40 | Hold=1800ms | Fade=900ms | RadioMax=20 | YTMax=55 | Favorites=0
2026-09-06 22:43:09  RADIO VOLUME 27
2026-09-06 22:43:10  USER SETTINGS SAVED | Language=EN | Volume=27 | Duck=40 | Hold=1800ms | Fade=900ms | RadioMax=20 | YTMax=55 | Favorites=0
2026-09-06 22:43:10.257  EXTERNAL CMD QUEUED VOLUME | Sequence=63 | Volume=4
2026-09-06 22:43:10  VOLUME MAP | UI=25% -> Player=4%
2026-09-06 22:43:10  RADIO VOLUME 25
2026-09-06 22:43:10  USER SETTINGS SAVED | Language=EN | Volume=25 | Duck=40 | Hold=1800ms | Fade=900ms | RadioMax=20 | YTMax=55 | Favorites=0
2026-09-06 22:43:10  RADIO VOLUME 23
2026-09-06 22:43:10  USER SETTINGS SAVED | Language=EN | Volume=23 | Duck=40 | Hold=1800ms | Fade=900ms | RadioMax=20 | YTMax=55 | Favorites=0
2026-09-06 22:43:10  RADIO VOLUME 21
2026-09-06 22:43:10  USER SETTINGS SAVED | Language=EN | Volume=21 | Duck=40 | Hold=1800ms | Fade=900ms | RadioMax=20 | YTMax=55 | Favorites=0
2026-09-06 22:43:10.841  EXTERNAL CMD QUEUED VOLUME | Sequence=64 | Volume=3
2026-09-06 22:43:10  VOLUME MAP | UI=19% -> Player=3%
2026-09-06 22:43:10  RADIO VOLUME 19
2026-09-06 22:43:10  USER SETTINGS SAVED | Language=EN | Volume=19 | Duck=40 | Hold=1800ms | Fade=900ms | RadioMax=20 | YTMax=55 | Favorites=0
2026-09-06 22:43:11  RADIO VOLUME 17
2026-09-06 22:43:11  USER SETTINGS SAVED | Language=EN | Volume=17 | Duck=40 | Hold=1800ms | Fade=900ms | RadioMax=20 | YTMax=55 | Favorites=0
2026-09-06 22:43:11.264  EXTERNAL CMD QUEUED VOLUME | Sequence=65 | Volume=2
2026-09-06 22:43:11  VOLUME MAP | UI=15% -> Player=2%
2026-09-06 22:43:11  RADIO VOLUME 15
2026-09-06 22:43:11  USER SETTINGS SAVED | Language=EN | Volume=15 | Duck=40 | Hold=1800ms | Fade=900ms | RadioMax=20 | YTMax=55 | Favorites=0
2026-09-06 22:43:11  RADIO VOLUME 13
2026-09-06 22:43:11  USER SETTINGS SAVED | Language=EN | Volume=13 | Duck=40 | Hold=1800ms | Fade=900ms | RadioMax=20 | YTMax=55 | Favorites=0
2026-09-06 22:43:11.703  EXTERNAL CMD QUEUED VOLUME | Sequence=66 | Volume=2
2026-09-06 22:43:11  VOLUME MAP | UI=10% -> Player=2%
2026-09-06 22:43:11  DUCK FADE IN | DIALOG | Hold=1800ms | Attack=350ms
2026-09-06 22:43:11.841  EXTERNAL CMD QUEUED VOLUME | Sequence=67 | Volume=1
2026-09-06 22:43:11  VOLUME MAP | UI=8% -> Player=1%
2026-09-06 22:43:11  RADIO VOLUME 11
2026-09-06 22:43:11.843  EXTERNAL CMD QUEUED VOLUME | Sequence=68 | Volume=1
2026-09-06 22:43:11  VOLUME MAP | UI=6% -> Player=1%
2026-09-06 22:43:12  USER SETTINGS SAVED | Language=EN | Volume=11 | Duck=40 | Hold=1800ms | Fade=900ms | RadioMax=20 | YTMax=55 | Favorites=0
2026-09-06 22:43:12.003  EXTERNAL CMD QUEUED VOLUME | Sequence=69 | Volume=1
2026-09-06 22:43:12  VOLUME MAP | UI=4% -> Player=1%
2026-09-06 22:43:13  RADIO VOLUME 13
2026-09-06 22:43:13  USER SETTINGS SAVED | Language=EN | Volume=13 | Duck=40 | Hold=1800ms | Fade=900ms | RadioMax=20 | YTMax=55 | Favorites=0
2026-09-06 22:43:13  RADIO VOLUME 15
2026-09-06 22:43:14  USER SETTINGS SAVED | Language=EN | Volume=15 | Duck=40 | Hold=1800ms | Fade=900ms | RadioMax=20 | YTMax=55 | Favorites=0
2026-09-06 22:44:11.161  EXTERNAL CMD QUEUED VOLUME | Sequence=70 | Volume=1
2026-09-06 22:44:11  VOLUME MAP | UI=7% -> Player=1%
2026-09-06 22:44:11.307  EXTERNAL CMD QUEUED VOLUME | Sequence=71 | Volume=1
2026-09-06 22:44:11  VOLUME MAP | UI=9% -> Player=1%
2026-09-06 22:44:11.452  EXTERNAL CMD QUEUED VOLUME | Sequence=72 | Volume=2
2026-09-06 22:44:11  VOLUME MAP | UI=10% -> Player=2%
2026-09-06 22:44:11.597  EXTERNAL CMD QUEUED VOLUME | Sequence=73 | Volume=2
2026-09-06 22:44:11  VOLUME MAP | UI=12% -> Player=2%
2026-09-06 22:44:11.743  EXTERNAL CMD QUEUED VOLUME | Sequence=74 | Volume=2
2026-09-06 22:44:11  VOLUME MAP | UI=13% -> Player=2%
2026-09-06 22:44:11.867  EXTERNAL CMD QUEUED VOLUME | Sequence=75 | Volume=2
2026-09-06 22:44:11  VOLUME MAP | UI=14% -> Player=2%
2026-09-06 22:44:12.011  EXTERNAL CMD QUEUED VOLUME | Sequence=76 | Volume=2
2026-09-06 22:44:12  VOLUME MAP | UI=15% -> Player=2%
2026-09-06 22:44:12  DUCK FADE OUT COMPLETE
2026-09-06 22:44:39.878  EXTERNAL CMD QUEUED VOLUME | Sequence=77 | Volume=2
2026-09-06 22:44:39  VOLUME MAP | UI=12% -> Player=2%
2026-09-06 22:44:39  DUCK FADE IN | DIALOG | Hold=1800ms | Attack=350ms
2026-09-06 22:44:40.014  EXTERNAL CMD QUEUED VOLUME | Sequence=78 | Volume=1
2026-09-06 22:44:40  VOLUME MAP | UI=8% -> Player=1%
2026-09-06 22:44:40.151  EXTERNAL CMD QUEUED VOLUME | Sequence=79 | Volume=1
2026-09-06 22:44:40  VOLUME MAP | UI=6% -> Player=1%
2026-09-06 22:44:46.262  EXTERNAL CMD QUEUED VOLUME | Sequence=80 | Volume=1
2026-09-06 22:44:46  VOLUME MAP | UI=7% -> Player=1%
2026-09-06 22:44:46.401  EXTERNAL CMD QUEUED VOLUME | Sequence=81 | Volume=1
2026-09-06 22:44:46  VOLUME MAP | UI=9% -> Player=1%
2026-09-06 22:44:46.540  EXTERNAL CMD QUEUED VOLUME | Sequence=82 | Volume=2
2026-09-06 22:44:46  VOLUME MAP | UI=10% -> Player=2%
2026-09-06 22:44:46.681  EXTERNAL CMD QUEUED VOLUME | Sequence=83 | Volume=2
2026-09-06 22:44:46  VOLUME MAP | UI=12% -> Player=2%
2026-09-06 22:44:46.819  EXTERNAL CMD QUEUED VOLUME | Sequence=84 | Volume=2
2026-09-06 22:44:46  VOLUME MAP | UI=13% -> Player=2%
2026-09-06 22:44:46.959  EXTERNAL CMD QUEUED VOLUME | Sequence=85 | Volume=2
2026-09-06 22:44:46  VOLUME MAP | UI=14% -> Player=2%
2026-09-06 22:44:47.096  EXTERNAL CMD QUEUED VOLUME | Sequence=86 | Volume=2
2026-09-06 22:44:47  VOLUME MAP | UI=15% -> Player=2%
2026-09-06 22:44:47  DUCK FADE OUT COMPLETE
2026-09-06 22:44:49.784  EXTERNAL CMD QUEUED VOLUME | Sequence=87 | Volume=2
2026-09-06 22:44:49  VOLUME MAP | UI=11% -> Player=2%
2026-09-06 22:44:49  DUCK FADE IN | DIALOG | Hold=1800ms | Attack=350ms
2026-09-06 22:44:49.925  EXTERNAL CMD QUEUED VOLUME | Sequence=88 | Volume=1
2026-09-06 22:44:49  VOLUME MAP | UI=8% -> Player=1%
2026-09-06 22:44:50.063  EXTERNAL CMD QUEUED VOLUME | Sequence=89 | Volume=1
2026-09-06 22:44:50  VOLUME MAP | UI=6% -> Player=1%
2026-09-06 22:44:51.726  EXTERNAL CMD QUEUED STOP | Sequence=90 | Volume=0
2026-09-06 22:48:00.660  EXTERNAL CMD QUEUED PLAY | Sequence=91 | Volume=2
2026-09-06 22:48:00  VOLUME MAP | UI=15% -> Player=2%
2026-09-06 22:48:00  PLAY KISS FM Oldschool Hip-Hop | https://stream.kissfm.de/kissfm-hiphop/mp3-192/internetradio
2026-09-06 22:48:00.661  EXTERNAL CMD QUEUED VOLUME | Sequence=92 | Volume=1
2026-09-06 22:48:00  VOLUME MAP | UI=9% -> Player=1%
2026-09-06 22:48:00  DUCK FADE IN | DIALOG | Hold=1800ms | Attack=350ms
2026-09-06 22:48:00  METADATA | KissFM OLD SCHOOL HIPHOP
2026-09-06 22:48:00.771  EXTERNAL CMD QUEUED VOLUME | Sequence=93 | Volume=1
2026-09-06 22:48:00  VOLUME MAP | UI=6% -> Player=1%
2026-09-06 22:48:02  METADATA | internetradio
2026-09-06 22:48:04  METADATA | KissFM OLD SCHOOL HIPHOP
2026-09-06 22:49:18.495  EXTERNAL CMD QUEUED VOLUME | Sequence=94 | Volume=1
2026-09-06 22:49:18  VOLUME MAP | UI=7% -> Player=1%
2026-09-06 22:49:18.632  EXTERNAL CMD QUEUED VOLUME | Sequence=95 | Volume=1
2026-09-06 22:49:18  VOLUME MAP | UI=9% -> Player=1%
2026-09-06 22:49:18.767  EXTERNAL CMD QUEUED VOLUME | Sequence=96 | Volume=2
2026-09-06 22:49:18  VOLUME MAP | UI=10% -> Player=2%
2026-09-06 22:49:18.901  EXTERNAL CMD QUEUED VOLUME | Sequence=97 | Volume=1
2026-09-06 22:49:18  VOLUME MAP | UI=7% -> Player=1%
2026-09-06 22:49:19.034  EXTERNAL CMD QUEUED VOLUME | Sequence=98 | Volume=1
2026-09-06 22:49:19  VOLUME MAP | UI=6% -> Player=1%
2026-09-06 22:50:03  METADATA | JURASSIC 5 - REMEMBER HIS NAME
2026-09-06 22:50:43.952  EXTERNAL CMD QUEUED VOLUME | Sequence=99 | Volume=1
2026-09-06 22:50:43  VOLUME MAP | UI=7% -> Player=1%
2026-09-06 22:50:44.088  EXTERNAL CMD QUEUED VOLUME | Sequence=100 | Volume=1
2026-09-06 22:50:44  VOLUME MAP | UI=9% -> Player=1%
2026-09-06 22:50:44.221  EXTERNAL CMD QUEUED VOLUME | Sequence=101 | Volume=2
2026-09-06 22:50:44  VOLUME MAP | UI=10% -> Player=2%
2026-09-06 22:50:44.353  EXTERNAL CMD QUEUED VOLUME | Sequence=102 | Volume=2
2026-09-06 22:50:44  VOLUME MAP | UI=11% -> Player=2%
2026-09-06 22:50:44.486  EXTERNAL CMD QUEUED VOLUME | Sequence=103 | Volume=1
2026-09-06 22:50:44  VOLUME MAP | UI=8% -> Player=1%
2026-09-06 22:50:44.621  EXTERNAL CMD QUEUED VOLUME | Sequence=104 | Volume=1
2026-09-06 22:50:44  VOLUME MAP | UI=6% -> Player=1%
2026-09-06 22:50:59.005  EXTERNAL CMD QUEUED VOLUME | Sequence=105 | Volume=1
2026-09-06 22:50:59  VOLUME MAP | UI=7% -> Player=1%
2026-09-06 22:50:59.138  EXTERNAL CMD QUEUED VOLUME | Sequence=106 | Volume=1
2026-09-06 22:50:59  VOLUME MAP | UI=9% -> Player=1%
2026-09-06 22:50:59.269  EXTERNAL CMD QUEUED VOLUME | Sequence=107 | Volume=2
2026-09-06 22:50:59  VOLUME MAP | UI=10% -> Player=2%
2026-09-06 22:50:59.400  EXTERNAL CMD QUEUED VOLUME | Sequence=108 | Volume=2
2026-09-06 22:50:59  VOLUME MAP | UI=11% -> Player=2%
2026-09-06 22:50:59.530  EXTERNAL CMD QUEUED VOLUME | Sequence=109 | Volume=2
2026-09-06 22:50:59  VOLUME MAP | UI=13% -> Player=2%
2026-09-06 22:50:59.664  EXTERNAL CMD QUEUED VOLUME | Sequence=110 | Volume=2
2026-09-06 22:50:59  VOLUME MAP | UI=14% -> Player=2%
2026-09-06 22:50:59.797  EXTERNAL CMD QUEUED VOLUME | Sequence=111 | Volume=2
2026-09-06 22:50:59  VOLUME MAP | UI=15% -> Player=2%
2026-09-06 22:50:59  DUCK FADE OUT COMPLETE
2026-09-06 22:51:14.712  EXTERNAL CMD QUEUED STOP | Sequence=112 | Volume=0
2026-09-06 22:51:42.838  EXTERNAL CMD QUEUED PLAY | Sequence=113 | Volume=2
2026-09-06 22:51:42  VOLUME MAP | UI=15% -> Player=2%
2026-09-06 22:51:42  PLAY KISS FM Oldschool Hip-Hop | https://stream.kissfm.de/kissfm-hiphop/mp3-192/internetradio
2026-09-06 22:51:42  METADATA | KissFM OLD SCHOOL HIPHOP
2026-09-06 22:51:44.558  EXTERNAL CMD QUEUED VOLUME | Sequence=114 | Volume=2
2026-09-06 22:51:44  VOLUME MAP | UI=12% -> Player=2%
2026-09-06 22:51:44  DUCK FADE IN | DIALOG | Hold=1800ms | Attack=350ms
2026-09-06 22:51:44.676  EXTERNAL CMD QUEUED VOLUME | Sequence=115 | Volume=1
2026-09-06 22:51:44  VOLUME MAP | UI=9% -> Player=1%
2026-09-06 22:51:44.795  EXTERNAL CMD QUEUED VOLUME | Sequence=116 | Volume=1
2026-09-06 22:51:44  VOLUME MAP | UI=6% -> Player=1%
2026-09-06 22:51:44  METADATA | JURASSIC 5 - REMEMBER HIS NAME
2026-09-06 22:51:44.914  EXTERNAL CMD QUEUED VOLUME | Sequence=117 | Volume=1
2026-09-06 22:51:44  VOLUME MAP | UI=6% -> Player=1%
2026-09-06 22:51:52  USER SETTINGS SAVED | Language=EN | Volume=15 | Duck=40 | Hold=1800ms | Fade=900ms | RadioMax=20 | YTMax=55 | Favorites=0
2026-09-06 22:51:52.582  EXTERNAL CMD QUEUED QUIT | Sequence=118 | Volume=0
2026-09-06 22:51:52.582  EXTERNAL AUDIO CLOSE ANGEFORDERT
2026-09-06 22:51:52.584  YOUTUBE CMD MODE_OFF
2026-09-06 22:51:52.585  YOUTUBE CMD RESTORE_VOLUME
2026-09-06 22:51:52.586  YOUTUBE CMD QUIT
2026-09-06 22:51:52  ABORT | YT_AUTOCLOSE=NEIN
2026-09-06 22:52:00  KONSTRUKTOR START v1.0.0 NEXUS RELEASE
2026-09-06 22:52:00  USER SETTINGS LOADED | Language=EN | Volume=15 | Duck=40 | Hold=1800ms | Fade=900ms | RadioMax=20 | YTMax=55 | Skin=SAKURA ZEN | Favorites=0
2026-09-06 22:52:00  INI loaded | Stations=61 | Start=0 | Categories=10 | Favorites=0
2026-09-06 22:52:00  MINECRAFT BLOCK ASSET READY | C:\Program Files\Rockstar Games\Neuer Ordner\Grand Theft Auto V Enhanced\scripts\InternetRadio\MinecraftGrassBlock.png
2026-09-06 22:52:00  SAKURA ZEN MOTIF READY | C:\Program Files\Rockstar Games\Neuer Ordner\Grand Theft Auto V Enhanced\scripts\InternetRadio\SakuraZenMotif.png
2026-09-06 22:52:00.610  EXTERNAL AUDIO HELPER START | PID=7644
2026-09-06 22:52:00.620  YOUTUBE BRIDGE START | PID=18648
2026-09-06 22:52:00  Initialisierung komplett | Sender=61
2026-09-06 22:52:00.953  EXTERNAL CMD QUEUED PLAY | Sequence=1 | Volume=2
2026-09-06 22:52:00  VOLUME MAP | UI=15% -> Player=2%
2026-09-06 22:52:00  PLAY 1LIVE Hip Hop & RnB | https://wdr-1live-hiphoprnb.icecast.wdr.de/wdr/1live/hiphoprnb/mp3/128/stream.mp3
2026-09-06 22:52:00.958  EXTERNAL CMD QUEUED VOLUME | Sequence=2 | Volume=2
2026-09-06 22:52:00  VOLUME MAP | UI=15% -> Player=2%
2026-09-06 22:52:00  DUCK FADE IN | DIALOG | Hold=1800ms | Attack=350ms
2026-09-06 22:52:01.073  EXTERNAL CMD QUEUED VOLUME | Sequence=3 | Volume=2
2026-09-06 22:52:01  VOLUME MAP | UI=12% -> Player=2%
2026-09-06 22:52:01.264  EXTERNAL CMD QUEUED VOLUME | Sequence=4 | Volume=1
2026-09-06 22:52:01  VOLUME MAP | UI=7% -> Player=1%
2026-09-06 22:52:01.368  EXTERNAL CMD QUEUED VOLUME | Sequence=5 | Volume=1
2026-09-06 22:52:01  VOLUME MAP | UI=6% -> Player=1%
2026-09-06 22:52:02  METADATA | 1LIVE - R
2026-09-06 22:54:15.691  EXTERNAL CMD QUEUED VOLUME | Sequence=6 | Volume=1
2026-09-06 22:54:15  VOLUME MAP | UI=7% -> Player=1%
2026-09-06 22:54:15.826  EXTERNAL CMD QUEUED VOLUME | Sequence=7 | Volume=1
2026-09-06 22:54:15  VOLUME MAP | UI=9% -> Player=1%
2026-09-06 22:54:15.957  EXTERNAL CMD QUEUED VOLUME | Sequence=8 | Volume=2
2026-09-06 22:54:15  VOLUME MAP | UI=10% -> Player=2%
2026-09-06 22:54:16.091  EXTERNAL CMD QUEUED VOLUME | Sequence=9 | Volume=2
2026-09-06 22:54:16  VOLUME MAP | UI=11% -> Player=2%
2026-09-06 22:54:16.227  EXTERNAL CMD QUEUED VOLUME | Sequence=10 | Volume=2
2026-09-06 22:54:16  VOLUME MAP | UI=13% -> Player=2%
2026-09-06 22:54:16.363  EXTERNAL CMD QUEUED VOLUME | Sequence=11 | Volume=2
2026-09-06 22:54:16  VOLUME MAP | UI=14% -> Player=2%
2026-09-06 22:54:16.497  EXTERNAL CMD QUEUED VOLUME | Sequence=12 | Volume=2
2026-09-06 22:54:16  VOLUME MAP | UI=15% -> Player=2%
2026-09-06 22:54:16  DUCK FADE OUT COMPLETE
2026-09-06 22:54:28.273  EXTERNAL CMD QUEUED VOLUME | Sequence=13 | Volume=2
2026-09-06 22:54:28  VOLUME MAP | UI=11% -> Player=2%
2026-09-06 22:54:28  DUCK FADE IN | DIALOG | Hold=1800ms | Attack=350ms
2026-09-06 22:54:28.420  EXTERNAL CMD QUEUED VOLUME | Sequence=14 | Volume=1
2026-09-06 22:54:28  VOLUME MAP | UI=8% -> Player=1%
2026-09-06 22:54:28.544  EXTERNAL CMD QUEUED VOLUME | Sequence=15 | Volume=1
2026-09-06 22:54:28  VOLUME MAP | UI=6% -> Player=1%
2026-09-06 22:54:39.751  EXTERNAL CMD QUEUED VOLUME | Sequence=16 | Volume=1
2026-09-06 22:54:39  VOLUME MAP | UI=7% -> Player=1%
2026-09-06 22:54:39.883  EXTERNAL CMD QUEUED VOLUME | Sequence=17 | Volume=1
2026-09-06 22:54:39  VOLUME MAP | UI=9% -> Player=1%
2026-09-06 22:54:40.015  EXTERNAL CMD QUEUED VOLUME | Sequence=18 | Volume=2
2026-09-06 22:54:40  VOLUME MAP | UI=10% -> Player=2%
2026-09-06 22:54:40.149  EXTERNAL CMD QUEUED VOLUME | Sequence=19 | Volume=2
2026-09-06 22:54:40  VOLUME MAP | UI=11% -> Player=2%
2026-09-06 22:54:40.280  EXTERNAL CMD QUEUED VOLUME | Sequence=20 | Volume=2
2026-09-06 22:54:40  VOLUME MAP | UI=13% -> Player=2%
2026-09-06 22:54:40.408  EXTERNAL CMD QUEUED VOLUME | Sequence=21 | Volume=2
2026-09-06 22:54:40  VOLUME MAP | UI=14% -> Player=2%
2026-09-06 22:54:40.533  EXTERNAL CMD QUEUED VOLUME | Sequence=22 | Volume=2
2026-09-06 22:54:40  VOLUME MAP | UI=15% -> Player=2%
2026-09-06 22:54:40  DUCK FADE OUT COMPLETE
2026-09-06 22:54:47.753  EXTERNAL CMD QUEUED VOLUME | Sequence=23 | Volume=2
2026-09-06 22:54:47  VOLUME MAP | UI=12% -> Player=2%
2026-09-06 22:54:47  DUCK FADE IN | DIALOG | Hold=1800ms | Attack=350ms
2026-09-06 22:54:47.879  EXTERNAL CMD QUEUED VOLUME | Sequence=24 | Volume=1
2026-09-06 22:54:47  VOLUME MAP | UI=9% -> Player=1%
2026-09-06 22:54:48.004  EXTERNAL CMD QUEUED VOLUME | Sequence=25 | Volume=1
2026-09-06 22:54:48  VOLUME MAP | UI=6% -> Player=1%
2026-09-06 22:55:19.075  EXTERNAL CMD QUEUED VOLUME | Sequence=26 | Volume=1
2026-09-06 22:55:19  VOLUME MAP | UI=7% -> Player=1%
2026-09-06 22:55:19.216  EXTERNAL CMD QUEUED VOLUME | Sequence=27 | Volume=1
2026-09-06 22:55:19  VOLUME MAP | UI=9% -> Player=1%
2026-09-06 22:55:19.359  EXTERNAL CMD QUEUED VOLUME | Sequence=28 | Volume=2
2026-09-06 22:55:19  VOLUME MAP | UI=10% -> Player=2%
2026-09-06 22:55:19.500  EXTERNAL CMD QUEUED VOLUME | Sequence=29 | Volume=2
2026-09-06 22:55:19  VOLUME MAP | UI=12% -> Player=2%
2026-09-06 22:55:19.646  EXTERNAL CMD QUEUED VOLUME | Sequence=30 | Volume=1
2026-09-06 22:55:19  VOLUME MAP | UI=8% -> Player=1%
2026-09-06 22:55:19.787  EXTERNAL CMD QUEUED VOLUME | Sequence=31 | Volume=1
2026-09-06 22:55:19  VOLUME MAP | UI=6% -> Player=1%
2026-09-06 22:55:20.474  EXTERNAL CMD QUEUED STOP | Sequence=32 | Volume=0
2026-09-06 22:57:28.847  EXTERNAL CMD QUEUED PLAY | Sequence=33 | Volume=2
2026-09-06 22:57:28  VOLUME MAP | UI=15% -> Player=2%
2026-09-06 22:57:28  PLAY 1LIVE Hip Hop & RnB | https://wdr-1live-hiphoprnb.icecast.wdr.de/wdr/1live/hiphoprnb/mp3/128/stream.mp3
2026-09-06 22:57:28  METADATA | 1live_hiphoprnb
2026-09-06 22:57:29  METADATA | 1LIVE - R
2026-09-06 22:57:36.412  EXTERNAL CMD QUEUED VOLUME | Sequence=34 | Volume=3
2026-09-06 22:57:36  VOLUME MAP | UI=17% -> Player=3%
2026-09-06 22:57:36  RADIO VOLUME 17
2026-09-06 22:57:36  USER SETTINGS SAVED | Language=EN | Volume=17 | Duck=40 | Hold=1800ms | Fade=900ms | RadioMax=20 | YTMax=55 | Favorites=0
2026-09-06 22:57:36  RADIO VOLUME 19
2026-09-06 22:57:36  USER SETTINGS SAVED | Language=EN | Volume=19 | Duck=40 | Hold=1800ms | Fade=900ms | RadioMax=20 | YTMax=55 | Favorites=0
2026-09-06 22:57:36.856  EXTERNAL CMD QUEUED VOLUME | Sequence=35 | Volume=4
2026-09-06 22:57:36  VOLUME MAP | UI=21% -> Player=4%
2026-09-06 22:57:36  RADIO VOLUME 21
2026-09-06 22:57:36  USER SETTINGS SAVED | Language=EN | Volume=21 | Duck=40 | Hold=1800ms | Fade=900ms | RadioMax=20 | YTMax=55 | Favorites=0
2026-09-06 22:57:36  RADIO VOLUME 23
2026-09-06 22:57:37  USER SETTINGS SAVED | Language=EN | Volume=23 | Duck=40 | Hold=1800ms | Fade=900ms | RadioMax=20 | YTMax=55 | Favorites=0
2026-09-06 22:57:37  RADIO VOLUME 25
2026-09-06 22:57:37  USER SETTINGS SAVED | Language=EN | Volume=25 | Duck=40 | Hold=1800ms | Fade=900ms | RadioMax=20 | YTMax=55 | Favorites=0
2026-09-06 22:57:37.421  EXTERNAL CMD QUEUED VOLUME | Sequence=36 | Volume=5
2026-09-06 22:57:37  VOLUME MAP | UI=27% -> Player=5%
2026-09-06 22:57:37  RADIO VOLUME 27
2026-09-06 22:57:37  USER SETTINGS SAVED | Language=EN | Volume=27 | Duck=40 | Hold=1800ms | Fade=900ms | RadioMax=20 | YTMax=55 | Favorites=0
2026-09-06 22:57:37  RADIO VOLUME 29
2026-09-06 22:57:37  USER SETTINGS SAVED | Language=EN | Volume=29 | Duck=40 | Hold=1800ms | Fade=900ms | RadioMax=20 | YTMax=55 | Favorites=0
2026-09-06 22:57:37.845  EXTERNAL CMD QUEUED VOLUME | Sequence=37 | Volume=6
2026-09-06 22:57:37  VOLUME MAP | UI=31% -> Player=6%
2026-09-06 22:57:37  RADIO VOLUME 31
2026-09-06 22:57:37  USER SETTINGS SAVED | Language=EN | Volume=31 | Duck=40 | Hold=1800ms | Fade=900ms | RadioMax=20 | YTMax=55 | Favorites=0
2026-09-06 22:57:37  RADIO VOLUME 33
2026-09-06 22:57:38  USER SETTINGS SAVED | Language=EN | Volume=33 | Duck=40 | Hold=1800ms | Fade=900ms | RadioMax=20 | YTMax=55 | Favorites=0
2026-09-06 22:57:38  RADIO VOLUME 35
2026-09-06 22:57:38  USER SETTINGS SAVED | Language=EN | Volume=35 | Duck=40 | Hold=1800ms | Fade=900ms | RadioMax=20 | YTMax=55 | Favorites=0
2026-09-06 22:58:01.671  EXTERNAL CMD QUEUED VOLUME | Sequence=38 | Volume=5
2026-09-06 22:58:01  VOLUME MAP | UI=27% -> Player=5%
2026-09-06 22:58:01  DUCK FADE IN | DIALOG | Hold=1800ms | Attack=350ms
2026-09-06 22:58:01.800  EXTERNAL CMD QUEUED VOLUME | Sequence=39 | Volume=3
2026-09-06 22:58:01  VOLUME MAP | UI=20% -> Player=3%
2026-09-06 22:58:01.931  EXTERNAL CMD QUEUED VOLUME | Sequence=40 | Volume=2
2026-09-06 22:58:01  VOLUME MAP | UI=14% -> Player=2%
2026-09-06 22:58:05.149  EXTERNAL CMD QUEUED STOP | Sequence=41 | Volume=0
2026-09-06 22:58:09.906  EXTERNAL CMD QUEUED PLAY | Sequence=42 | Volume=6
2026-09-06 22:58:09  VOLUME MAP | UI=35% -> Player=6%
2026-09-06 22:58:09  PLAY 1LIVE Hip Hop & RnB | https://wdr-1live-hiphoprnb.icecast.wdr.de/wdr/1live/hiphoprnb/mp3/128/stream.mp3
2026-09-06 22:58:09  METADATA | 1live_hiphoprnb
2026-09-06 22:58:10  METADATA | 1LIVE - R
2026-09-06 22:58:15.364  EXTERNAL CMD QUEUED VOLUME | Sequence=43 | Volume=5
2026-09-06 22:58:15  VOLUME MAP | UI=27% -> Player=5%
2026-09-06 22:58:15  DUCK FADE IN | DIALOG | Hold=1800ms | Attack=350ms
2026-09-06 22:58:15.493  EXTERNAL CMD QUEUED VOLUME | Sequence=44 | Volume=3
2026-09-06 22:58:15  VOLUME MAP | UI=20% -> Player=3%
2026-09-06 22:58:15.620  EXTERNAL CMD QUEUED VOLUME | Sequence=45 | Volume=2
2026-09-06 22:58:15  VOLUME MAP | UI=14% -> Player=2%
2026-09-06 22:58:24.464  EXTERNAL CMD QUEUED VOLUME | Sequence=46 | Volume=3
2026-09-06 22:58:24  VOLUME MAP | UI=17% -> Player=3%
2026-09-06 22:58:24.590  EXTERNAL CMD QUEUED VOLUME | Sequence=47 | Volume=3
2026-09-06 22:58:24  VOLUME MAP | UI=20% -> Player=3%
2026-09-06 22:58:24.717  EXTERNAL CMD QUEUED VOLUME | Sequence=48 | Volume=4
2026-09-06 22:58:24  VOLUME MAP | UI=23% -> Player=4%
2026-09-06 22:58:24.844  EXTERNAL CMD QUEUED VOLUME | Sequence=49 | Volume=5
2026-09-06 22:58:24  VOLUME MAP | UI=26% -> Player=5%
2026-09-06 22:58:24.974  EXTERNAL CMD QUEUED VOLUME | Sequence=50 | Volume=5
2026-09-06 22:58:24  VOLUME MAP | UI=29% -> Player=5%
2026-09-06 22:58:25.102  EXTERNAL CMD QUEUED VOLUME | Sequence=51 | Volume=6
2026-09-06 22:58:25  VOLUME MAP | UI=32% -> Player=6%
2026-09-06 22:58:25.228  EXTERNAL CMD QUEUED VOLUME | Sequence=52 | Volume=6
2026-09-06 22:58:25  VOLUME MAP | UI=35% -> Player=6%
2026-09-06 22:58:25.355  EXTERNAL CMD QUEUED VOLUME | Sequence=53 | Volume=6
2026-09-06 22:58:25  VOLUME MAP | UI=35% -> Player=6%
2026-09-06 22:58:25  DUCK FADE OUT COMPLETE
2026-09-06 22:58:30.603  EXTERNAL CMD QUEUED VOLUME | Sequence=54 | Volume=7
2026-09-06 22:58:30  VOLUME MAP | UI=37% -> Player=7%
2026-09-06 22:58:30  RADIO VOLUME 37
2026-09-06 22:58:30  USER SETTINGS SAVED | Language=EN | Volume=37 | Duck=40 | Hold=1800ms | Fade=900ms | RadioMax=20 | YTMax=55 | Favorites=0
2026-09-06 22:58:30  RADIO VOLUME 39
2026-09-06 22:58:30  USER SETTINGS SAVED | Language=EN | Volume=39 | Duck=40 | Hold=1800ms | Fade=900ms | RadioMax=20 | YTMax=55 | Favorites=0
2026-09-06 22:58:31.018  EXTERNAL CMD QUEUED VOLUME | Sequence=55 | Volume=8
2026-09-06 22:58:31  VOLUME MAP | UI=41% -> Player=8%
2026-09-06 22:58:31  RADIO VOLUME 41
2026-09-06 22:58:31  USER SETTINGS SAVED | Language=EN | Volume=41 | Duck=40 | Hold=1800ms | Fade=900ms | RadioMax=20 | YTMax=55 | Favorites=0
2026-09-06 22:58:31  RADIO VOLUME 43
2026-09-06 22:58:31  USER SETTINGS SAVED | Language=EN | Volume=43 | Duck=40 | Hold=1800ms | Fade=900ms | RadioMax=20 | YTMax=55 | Favorites=0
2026-09-06 22:58:31  RADIO VOLUME 45
2026-09-06 22:58:31  USER SETTINGS SAVED | Language=EN | Volume=45 | Duck=40 | Hold=1800ms | Fade=900ms | RadioMax=20 | YTMax=55 | Favorites=0
2026-09-06 22:58:31.706  EXTERNAL CMD QUEUED VOLUME | Sequence=56 | Volume=9
2026-09-06 22:58:31  VOLUME MAP | UI=47% -> Player=9%
2026-09-06 22:58:31  RADIO VOLUME 47
2026-09-06 22:58:31  USER SETTINGS SAVED | Language=EN | Volume=47 | Duck=40 | Hold=1800ms | Fade=900ms | RadioMax=20 | YTMax=55 | Favorites=0
2026-09-06 22:58:31  RADIO VOLUME 49
2026-09-06 22:58:32  USER SETTINGS SAVED | Language=EN | Volume=49 | Duck=40 | Hold=1800ms | Fade=900ms | RadioMax=20 | YTMax=55 | Favorites=0
2026-09-06 23:07:21.057  EXTERNAL CMD QUEUED VOLUME | Sequence=57 | Volume=7
2026-09-06 23:07:21  VOLUME MAP | UI=37% -> Player=7%
2026-09-06 23:07:21  DUCK FADE IN | DIALOG | Hold=1800ms | Attack=350ms
2026-09-06 23:07:21.197  EXTERNAL CMD QUEUED VOLUME | Sequence=58 | Volume=5
2026-09-06 23:07:21  VOLUME MAP | UI=26% -> Player=5%
2026-09-06 23:07:21.336  EXTERNAL CMD QUEUED VOLUME | Sequence=59 | Volume=3
2026-09-06 23:07:21  VOLUME MAP | UI=20% -> Player=3%
2026-09-06 23:07:24.996  EXTERNAL CMD QUEUED VOLUME | Sequence=60 | Volume=4
2026-09-06 23:07:24  VOLUME MAP | UI=24% -> Player=4%
2026-09-06 23:07:25.130  EXTERNAL CMD QUEUED VOLUME | Sequence=61 | Volume=5
2026-09-06 23:07:25  VOLUME MAP | UI=28% -> Player=5%
2026-09-06 23:07:25.268  EXTERNAL CMD QUEUED VOLUME | Sequence=62 | Volume=6
2026-09-06 23:07:25  VOLUME MAP | UI=33% -> Player=6%
2026-09-06 23:07:25.402  EXTERNAL CMD QUEUED VOLUME | Sequence=63 | Volume=7
2026-09-06 23:07:25  VOLUME MAP | UI=37% -> Player=7%
2026-09-06 23:07:25.537  EXTERNAL CMD QUEUED VOLUME | Sequence=64 | Volume=8
2026-09-06 23:07:25  VOLUME MAP | UI=42% -> Player=8%
2026-09-06 23:07:25.673  EXTERNAL CMD QUEUED VOLUME | Sequence=65 | Volume=9
2026-09-06 23:07:25  VOLUME MAP | UI=46% -> Player=9%
2026-09-06 23:07:25.809  EXTERNAL CMD QUEUED VOLUME | Sequence=66 | Volume=9
2026-09-06 23:07:25  VOLUME MAP | UI=49% -> Player=9%
2026-09-06 23:07:25  DUCK FADE OUT COMPLETE
2026-09-06 23:07:30.412  EXTERNAL CMD QUEUED VOLUME | Sequence=67 | Volume=7
2026-09-06 23:07:30  VOLUME MAP | UI=38% -> Player=7%
2026-09-06 23:07:30  DUCK FADE IN | DIALOG | Hold=1800ms | Attack=350ms
2026-09-06 23:07:30.549  EXTERNAL CMD QUEUED VOLUME | Sequence=68 | Volume=5
2026-09-06 23:07:30  VOLUME MAP | UI=26% -> Player=5%
2026-09-06 23:07:30.687  EXTERNAL CMD QUEUED VOLUME | Sequence=69 | Volume=3
2026-09-06 23:07:30  VOLUME MAP | UI=20% -> Player=3%
2026-09-06 23:07:35.379  EXTERNAL CMD QUEUED VOLUME | Sequence=70 | Volume=4
2026-09-06 23:07:35  VOLUME MAP | UI=24% -> Player=4%
2026-09-06 23:07:35.516  EXTERNAL CMD QUEUED VOLUME | Sequence=71 | Volume=5
2026-09-06 23:07:35  VOLUME MAP | UI=29% -> Player=5%
2026-09-06 23:07:35.655  EXTERNAL CMD QUEUED VOLUME | Sequence=72 | Volume=6
2026-09-06 23:07:35  VOLUME MAP | UI=33% -> Player=6%
2026-09-06 23:07:35.797  EXTERNAL CMD QUEUED VOLUME | Sequence=73 | Volume=7
2026-09-06 23:07:35  VOLUME MAP | UI=38% -> Player=7%
2026-09-06 23:07:35.940  EXTERNAL CMD QUEUED VOLUME | Sequence=74 | Volume=8
2026-09-06 23:07:35  VOLUME MAP | UI=42% -> Player=8%
2026-09-06 23:07:36.082  EXTERNAL CMD QUEUED VOLUME | Sequence=75 | Volume=9
2026-09-06 23:07:36  VOLUME MAP | UI=47% -> Player=9%
2026-09-06 23:07:36.227  EXTERNAL CMD QUEUED VOLUME | Sequence=76 | Volume=9
2026-09-06 23:07:36  VOLUME MAP | UI=49% -> Player=9%
2026-09-06 23:07:36  DUCK FADE OUT COMPLETE
2026-09-06 23:07:44.209  EXTERNAL CMD QUEUED STOP | Sequence=77 | Volume=0
2026-09-06 23:08:56.997  EXTERNAL CMD QUEUED PLAY | Sequence=78 | Volume=9
2026-09-06 23:08:56  VOLUME MAP | UI=49% -> Player=9%
2026-09-06 23:08:56  PLAY 1LIVE Hip Hop & RnB | https://wdr-1live-hiphoprnb.icecast.wdr.de/wdr/1live/hiphoprnb/mp3/128/stream.mp3
2026-09-06 23:08:56  METADATA | 1live_hiphoprnb
2026-09-06 23:08:57  METADATA | 1LIVE - R
2026-09-06 23:09:02.856  EXTERNAL CMD QUEUED VOLUME | Sequence=79 | Volume=7
2026-09-06 23:09:02  VOLUME MAP | UI=38% -> Player=7%
2026-09-06 23:09:02  DUCK FADE IN | DIALOG | Hold=1800ms | Attack=350ms
2026-09-06 23:09:02.992  EXTERNAL CMD QUEUED VOLUME | Sequence=80 | Volume=5
2026-09-06 23:09:02  VOLUME MAP | UI=26% -> Player=5%
2026-09-06 23:09:03.128  EXTERNAL CMD QUEUED VOLUME | Sequence=81 | Volume=3
2026-09-06 23:09:03  VOLUME MAP | UI=20% -> Player=3%
