2026-09-06 21:24:22.921  EXTERNAL PLAYER V11.2.5 WMP + ICY META START | PID=9232 | Parent=18256 | Apartment=STA
2026-09-06 21:24:22.987  WMP BEREIT
2026-09-06 21:24:23.031  WMP STATE 0 = Undefined
2026-09-06 21:28:36.239  PARENT NICHT MEHR AKTIV - ENDE
2026-09-06 21:28:36.255  EXTERNAL PLAYER ENDE
2026-09-06 21:34:24.076  EXTERNAL PLAYER V11.2.5 WMP + ICY META START | PID=4268 | Parent=18580 | Apartment=STA
2026-09-06 21:34:24.129  WMP BEREIT
2026-09-06 21:34:24.168  WMP STATE 0 = Undefined
2026-09-06 21:34:57.111  CMD PLAY | 0639243200970568840_000001.cmd | Vol=29
2026-09-06 21:34:57.154  URL GESETZT | Vol=29 | https://wdr-1live-hiphoprnb.icecast.wdr.de/wdr/1live/hiphoprnb/mp3/128/stream.mp3
2026-09-06 21:34:57.523  PLAY AUFGERUFEN
2026-09-06 21:34:57.527  WMP STATE 9 = Transitioning
2026-09-06 21:34:58.065  ICY META | 1LIVE - R
2026-09-06 21:34:58.072  META | Artist=1LIVE | Title=R | Name=1LIVE - R
2026-09-06 21:34:58.117  WMP STATE 6 = Buffering
2026-09-06 21:34:59.302  WMP STATE 3 = Playing
2026-09-06 21:34:59.731  CMD VOLUME | 0639243200997297169_000002.cmd | Vol=28
2026-09-06 21:34:59.733  VOLUME | 28
2026-09-06 21:35:00.131  CMD VOLUME | 0639243201001157674_000003.cmd | Vol=26
2026-09-06 21:35:00.132  VOLUME | 26
2026-09-06 21:35:00.255  CMD VOLUME | 0639243201002484630_000004.cmd | Vol=25
2026-09-06 21:35:00.256  VOLUME | 25
2026-09-06 21:35:00.410  CMD VOLUME | 0639243201003800363_000005.cmd | Vol=23
2026-09-06 21:35:00.411  VOLUME | 23
2026-09-06 21:35:00.531  CMD VOLUME | 0639243201005134651_000006.cmd | Vol=22
2026-09-06 21:35:00.532  VOLUME | 22
2026-09-06 21:35:00.671  CMD VOLUME | 0639243201006457174_000007.cmd | Vol=21
2026-09-06 21:35:00.672  VOLUME | 21
2026-09-06 21:35:00.801  CMD VOLUME | 0639243201007794782_000008.cmd | Vol=19
2026-09-06 21:35:00.802  VOLUME | 19
2026-09-06 21:35:00.951  CMD VOLUME | 0639243201009131948_000009.cmd | Vol=18
2026-09-06 21:35:00.953  VOLUME | 18
2026-09-06 21:35:01.089  CMD VOLUME | 0639243201010454340_000010.cmd | Vol=17
2026-09-06 21:35:01.091  VOLUME | 17
2026-09-06 21:35:01.180  CMD VOLUME | 0639243201011769942_000011.cmd | Vol=15
2026-09-06 21:35:01.182  VOLUME | 15
2026-09-06 21:35:01.353  CMD VOLUME | 0639243201013091611_000012.cmd | Vol=14
2026-09-06 21:35:01.354  VOLUME | 14
2026-09-06 21:35:01.445  CMD VOLUME | 0639243201014411471_000013.cmd | Vol=13
2026-09-06 21:35:01.445  VOLUME | 13
2026-09-06 21:35:01.582  CMD VOLUME | 0639243201015744498_000014.cmd | Vol=11
2026-09-06 21:35:01.583  VOLUME | 11
2026-09-06 21:35:01.711  CMD VOLUME | 0639243201017092409_000015.cmd | Vol=10
2026-09-06 21:35:01.715  VOLUME | 10
2026-09-06 21:35:01.844  CMD VOLUME | 0639243201018396870_000016.cmd | Vol=9
2026-09-06 21:35:01.846  VOLUME | 9
2026-09-06 21:35:01.983  CMD VOLUME | 0639243201019743523_000017.cmd | Vol=7
2026-09-06 21:35:01.984  VOLUME | 7
2026-09-06 21:35:37.234  CMD PLAY | 0639243201372074752_000018.cmd | Vol=7
2026-09-06 21:35:37.239  URL GESETZT | Vol=7 | https://dispatcher.rndfnk.com/hr/youfm/live/mp3/high
2026-09-06 21:35:37.614  PLAY AUFGERUFEN
2026-09-06 21:35:37.618  WMP STATE 9 = Transitioning
2026-09-06 21:35:38.044  ICY META | One-T & Cool-T - The magic key
2026-09-06 21:35:38.045  META | Artist=One-T & Cool-T | Title=The magic key | Name=One-T & Cool-T - The magic key
2026-09-06 21:35:38.085  WMP STATE 6 = Buffering
2026-09-06 21:35:39.824  WMP STATE 3 = Playing
2026-09-06 21:35:54.578  CMD VOLUME | 0639243201545563058_000019.cmd | Vol=7
2026-09-06 21:35:54.579  VOLUME | 7
2026-09-06 21:35:54.701  CMD VOLUME | 0639243201546879389_000020.cmd | Vol=6
2026-09-06 21:35:54.727  VOLUME | 6
2026-09-06 21:35:54.824  CMD VOLUME | 0639243201548178313_000021.cmd | Vol=5
2026-09-06 21:35:54.825  VOLUME | 5
2026-09-06 21:35:57.769  CMD VOLUME | 0639243201577392828_000022.cmd | Vol=6
2026-09-06 21:35:57.770  VOLUME | 6
2026-09-06 21:35:57.906  CMD VOLUME | 0639243201578859701_000023.cmd | Vol=6
2026-09-06 21:35:57.907  VOLUME | 6
2026-09-06 21:35:58.064  CMD VOLUME | 0639243201580346681_000024.cmd | Vol=6
2026-09-06 21:35:58.072  VOLUME | 6
2026-09-06 21:35:58.186  CMD VOLUME | 0639243201581616239_000025.cmd | Vol=7
2026-09-06 21:35:58.187  VOLUME | 7
2026-09-06 21:35:58.325  CMD VOLUME | 0639243201582874072_000026.cmd | Vol=7
2026-09-06 21:35:58.326  VOLUME | 7
2026-09-06 21:35:58.418  CMD VOLUME | 0639243201584141785_000027.cmd | Vol=7
2026-09-06 21:35:58.418  VOLUME | 7
2026-09-06 21:35:58.586  CMD VOLUME | 0639243201585434642_000028.cmd | Vol=7
2026-09-06 21:35:58.587  VOLUME | 7
2026-09-06 21:36:18.528  ICY META | Topic x Carteblanche - Lucky ones
2026-09-06 21:36:18.529  META | Artist=Topic x Carteblanche | Title=Lucky ones | Name=Topic x Carteblanche - Lucky ones
2026-09-06 21:36:41.132  CMD VOLUME | 0639243202011194671_000029.cmd | Vol=6
2026-09-06 21:36:41.133  VOLUME | 6
2026-09-06 21:36:41.304  CMD VOLUME | 0639243202012607190_000030.cmd | Vol=6
2026-09-06 21:36:41.305  VOLUME | 6
2026-09-06 21:36:41.409  CMD VOLUME | 0639243202014001125_000031.cmd | Vol=5
2026-09-06 21:36:41.411  VOLUME | 5
2026-09-06 21:36:48.450  CMD STOP | 0639243202084117500_000032.cmd | Vol=0
2026-09-06 21:36:48.451  STOP
2026-09-06 21:36:48.453  WMP STATE 1 = Stopped
2026-09-06 21:36:48.729  META | Artist= | Title=DASDING vom hr | Name=DASDING vom hr
2026-09-06 21:37:20.256  CMD PLAY | 0639243202402136991_000033.cmd | Vol=7
2026-09-06 21:37:20.264  URL GESETZT | Vol=7 | https://dispatcher.rndfnk.com/hr/youfm/live/mp3/high
2026-09-06 21:37:20.631  PLAY AUFGERUFEN
2026-09-06 21:37:20.636  CMD VOLUME | 0639243202402152280_000034.cmd | Vol=6
2026-09-06 21:37:20.637  VOLUME | 6
2026-09-06 21:37:20.640  WMP STATE 9 = Transitioning
2026-09-06 21:37:20.903  ICY META | Topic x Carteblanche - Lucky ones
2026-09-06 21:37:20.904  META | Artist=Topic x Carteblanche | Title=Lucky ones | Name=Topic x Carteblanche - Lucky ones
2026-09-06 21:37:20.948  CMD VOLUME | 0639243202403369348_000035.cmd | Vol=5
2026-09-06 21:37:20.973  VOLUME | 5
2026-09-06 21:37:21.070  WMP STATE 6 = Buffering
2026-09-06 21:37:22.643  WMP STATE 3 = Playing
2026-09-06 21:37:25.899  CMD VOLUME | 0639243202458781253_000036.cmd | Vol=6
2026-09-06 21:37:25.901  VOLUME | 6
2026-09-06 21:37:26.072  CMD VOLUME | 0639243202460283058_000037.cmd | Vol=6
2026-09-06 21:37:26.073  VOLUME | 6
2026-09-06 21:37:26.162  CMD VOLUME | 0639243202461573258_000038.cmd | Vol=6
2026-09-06 21:37:26.163  VOLUME | 6
2026-09-06 21:37:26.334  CMD PLAY | 0639243202462881685_000039.cmd | Vol=5
2026-09-06 21:37:26.341  URL GESETZT | Vol=5 | https://stream.bigfm.de/deutschland/mp3-128/private
2026-09-06 21:37:26.696  PLAY AUFGERUFEN
2026-09-06 21:37:26.699  CMD VOLUME | 0639243202462896905_000040.cmd | Vol=7
2026-09-06 21:37:26.727  VOLUME | 7
2026-09-06 21:37:26.731  WMP STATE 9 = Transitioning
2026-09-06 21:37:27.655  META | Artist= | Title=private | Name=private
2026-09-06 21:37:27.707  CMD VOLUME | 0639243202464146642_000041.cmd | Vol=7
2026-09-06 21:37:27.708  VOLUME | 7
2026-09-06 21:37:27.712  CMD VOLUME | 0639243202465264852_000042.cmd | Vol=7
2026-09-06 21:37:27.712  VOLUME | 7
2026-09-06 21:37:27.717  CMD VOLUME | 0639243202466763572_000043.cmd | Vol=7
2026-09-06 21:37:27.718  VOLUME | 7
2026-09-06 21:37:28.913  WMP STATE 6 = Buffering
2026-09-06 21:37:28.948  WMP STATE 3 = Playing
2026-09-06 21:37:30.097  CMD VOLUME | 0639243202500823063_000044.cmd | Vol=7
2026-09-06 21:37:30.099  VOLUME | 7
2026-09-06 21:37:30.255  CMD VOLUME | 0639243202502086548_000045.cmd | Vol=6
2026-09-06 21:37:30.257  VOLUME | 6
2026-09-06 21:37:30.360  CMD VOLUME | 0639243202503371141_000046.cmd | Vol=5
2026-09-06 21:37:30.362  VOLUME | 5
2026-09-06 21:37:34.347  CMD PLAY | 0639243202543007011_000047.cmd | Vol=5
2026-09-06 21:37:34.356  URL GESETZT | Vol=5 | https://27033.live.streamtheworld.com/WQHTFM.mp3
2026-09-06 21:37:34.712  PLAY AUFGERUFEN
2026-09-06 21:37:34.716  CMD VOLUME | 0639243202543027968_000048.cmd | Vol=6
2026-09-06 21:37:34.717  VOLUME | 6
2026-09-06 21:37:34.723  WMP STATE 9 = Transitioning
2026-09-06 21:37:36.054  META | Artist= | Title=WQHTFM | Name=WQHTFM
2026-09-06 21:37:36.107  CMD VOLUME | 0639243202544309600_000049.cmd | Vol=6
2026-09-06 21:37:36.109  VOLUME | 6
2026-09-06 21:37:36.112  CMD VOLUME | 0639243202545581166_000050.cmd | Vol=6
2026-09-06 21:37:36.113  VOLUME | 6
2026-09-06 21:37:36.116  CMD VOLUME | 0639243202546833873_000051.cmd | Vol=6
2026-09-06 21:37:36.116  VOLUME | 6
2026-09-06 21:37:36.119  CMD VOLUME | 0639243202548111363_000052.cmd | Vol=7
2026-09-06 21:37:36.119  VOLUME | 7
2026-09-06 21:37:36.123  CMD VOLUME | 0639243202549372599_000053.cmd | Vol=7
2026-09-06 21:37:36.124  VOLUME | 7
2026-09-06 21:37:36.128  CMD VOLUME | 0639243202550642503_000054.cmd | Vol=7
2026-09-06 21:37:36.130  VOLUME | 7
2026-09-06 21:37:36.134  CMD VOLUME | 0639243202551923262_000055.cmd | Vol=7
2026-09-06 21:37:36.135  VOLUME | 7
2026-09-06 21:37:40.008  WMP STATE 6 = Buffering
2026-09-06 21:37:40.161  WMP STATE 3 = Playing
2026-09-06 21:38:05.191  CMD VOLUME | 0639243202851878279_000056.cmd | Vol=6
2026-09-06 21:38:05.192  VOLUME | 6
2026-09-06 21:38:05.342  CMD VOLUME | 0639243202853333660_000057.cmd | Vol=6
2026-09-06 21:38:05.343  VOLUME | 6
2026-09-06 21:38:05.499  CMD VOLUME | 0639243202854793779_000058.cmd | Vol=5
2026-09-06 21:38:05.500  VOLUME | 5
2026-09-06 21:38:10.160  CMD VOLUME | 0639243202888762215_000059.cmd | Vol=6
2026-09-06 21:38:10.162  VOLUME | 6
2026-09-06 21:38:10.166  CMD VOLUME | 0639243202890077084_000060.cmd | Vol=6
2026-09-06 21:38:10.167  VOLUME | 6
2026-09-06 21:38:10.169  CMD VOLUME | 0639243202891392976_000061.cmd | Vol=6
2026-09-06 21:38:10.170  VOLUME | 6
2026-09-06 21:38:10.174  CMD VOLUME | 0639243202892716317_000062.cmd | Vol=6
2026-09-06 21:38:10.175  VOLUME | 6
2026-09-06 21:38:10.179  CMD VOLUME | 0639243202894059001_000063.cmd | Vol=7
2026-09-06 21:38:10.180  VOLUME | 7
2026-09-06 21:38:10.183  CMD VOLUME | 0639243202895389560_000064.cmd | Vol=7
2026-09-06 21:38:10.184  VOLUME | 7
2026-09-06 21:38:10.187  CMD VOLUME | 0639243202896722106_000065.cmd | Vol=7
2026-09-06 21:38:10.188  VOLUME | 7
2026-09-06 21:38:25.874  CMD VOLUME | 0639243203058676557_000066.cmd | Vol=7
2026-09-06 21:38:25.875  VOLUME | 7
2026-09-06 21:38:27.272  CMD VOLUME | 0639243203059992623_000067.cmd | Vol=6
2026-09-06 21:38:27.282  VOLUME | 6
2026-09-06 21:38:27.285  CMD VOLUME | 0639243203061363313_000068.cmd | Vol=5
2026-09-06 21:38:27.287  VOLUME | 5
2026-09-06 21:38:28.473  CMD VOLUME | 0639243203084536350_000069.cmd | Vol=6
2026-09-06 21:38:28.474  VOLUME | 6
2026-09-06 21:38:28.626  CMD VOLUME | 0639243203085858099_000070.cmd | Vol=6
2026-09-06 21:38:28.627  VOLUME | 6
2026-09-06 21:38:28.722  CMD VOLUME | 0639243203087179011_000071.cmd | Vol=6
2026-09-06 21:38:28.731  VOLUME | 6
2026-09-06 21:38:28.874  CMD VOLUME | 0639243203088500253_000072.cmd | Vol=6
2026-09-06 21:38:28.874  VOLUME | 6
2026-09-06 21:38:29.014  CMD VOLUME | 0639243203089842692_000073.cmd | Vol=7
2026-09-06 21:38:29.016  VOLUME | 7
2026-09-06 21:38:29.154  CMD VOLUME | 0639243203091191303_000074.cmd | Vol=7
2026-09-06 21:38:29.156  VOLUME | 7
2026-09-06 21:38:29.291  CMD VOLUME | 0639243203092537148_000075.cmd | Vol=7
2026-09-06 21:38:29.292  VOLUME | 7
2026-09-06 21:38:35.805  CMD STOP | 0639243203151389208_000076.cmd | Vol=0
2026-09-06 21:38:35.806  STOP
2026-09-06 21:38:35.808  WMP STATE 1 = Stopped
2026-09-06 21:38:35.809  META | Artist= | Title=WQHTFM | Name=WQHTFM
2026-09-06 21:38:52.971  CMD PLAY | 0639243203329508463_000077.cmd | Vol=7
2026-09-06 21:38:52.980  URL GESETZT | Vol=7 | https://27033.live.streamtheworld.com/WQHTFM.mp3
2026-09-06 21:38:53.334  PLAY AUFGERUFEN
2026-09-06 21:38:53.336  WMP STATE 9 = Transitioning
2026-09-06 21:38:54.661  META | Artist= | Title=WQHTFM | Name=WQHTFM
2026-09-06 21:38:57.674  CMD VOLUME | 0639243203376638568_000078.cmd | Vol=7
2026-09-06 21:38:57.675  VOLUME | 7
2026-09-06 21:38:57.797  CMD VOLUME | 0639243203377842804_000079.cmd | Vol=6
2026-09-06 21:38:57.798  VOLUME | 6
2026-09-06 21:38:57.921  CMD VOLUME | 0639243203379041942_000080.cmd | Vol=5
2026-09-06 21:38:57.921  VOLUME | 5
2026-09-06 21:38:58.564  WMP STATE 6 = Buffering
2026-09-06 21:38:58.704  WMP STATE 3 = Playing
2026-09-06 21:39:13.349  CMD VOLUME | 0639243203533412706_000081.cmd | Vol=6
2026-09-06 21:39:13.351  VOLUME | 6
2026-09-06 21:39:13.504  CMD VOLUME | 0639243203534767664_000082.cmd | Vol=6
2026-09-06 21:39:13.505  VOLUME | 6
2026-09-06 21:39:13.627  CMD VOLUME | 0639243203536131908_000083.cmd | Vol=6
2026-09-06 21:39:13.627  VOLUME | 6
2026-09-06 21:39:13.766  CMD VOLUME | 0639243203537482520_000084.cmd | Vol=6
2026-09-06 21:39:13.767  VOLUME | 6
2026-09-06 21:39:13.890  CMD VOLUME | 0639243203538827758_000085.cmd | Vol=7
2026-09-06 21:39:13.891  VOLUME | 7
2026-09-06 21:39:14.061  CMD VOLUME | 0639243203540166872_000086.cmd | Vol=7
2026-09-06 21:39:14.062  VOLUME | 7
2026-09-06 21:39:14.199  CMD VOLUME | 0639243203541519298_000087.cmd | Vol=7
2026-09-06 21:39:14.201  VOLUME | 7
2026-09-06 21:39:16.328  CMD VOLUME | 0639243203563186792_000088.cmd | Vol=6
2026-09-06 21:39:16.329  VOLUME | 6
2026-09-06 21:39:16.502  CMD VOLUME | 0639243203564593882_000089.cmd | Vol=6
2026-09-06 21:39:16.503  VOLUME | 6
2026-09-06 21:39:16.622  CMD VOLUME | 0639243203565981563_000090.cmd | Vol=5
2026-09-06 21:39:16.624  VOLUME | 5
2026-09-06 21:39:32.211  CMD VOLUME | 0639243203721967002_000091.cmd | Vol=6
2026-09-06 21:39:32.211  VOLUME | 6
2026-09-06 21:39:32.364  CMD VOLUME | 0639243203723397324_000092.cmd | Vol=6
2026-09-06 21:39:32.365  VOLUME | 6
2026-09-06 21:39:32.503  CMD VOLUME | 0639243203724831803_000093.cmd | Vol=6
2026-09-06 21:39:32.504  VOLUME | 6
2026-09-06 21:39:32.673  CMD VOLUME | 0639243203726286099_000094.cmd | Vol=7
2026-09-06 21:39:32.674  VOLUME | 7
2026-09-06 21:39:32.779  CMD VOLUME | 0639243203727700852_000095.cmd | Vol=7
2026-09-06 21:39:32.781  VOLUME | 7
2026-09-06 21:39:32.918  CMD VOLUME | 0639243203729095361_000096.cmd | Vol=7
2026-09-06 21:39:32.918  VOLUME | 7
2026-09-06 21:39:33.052  CMD VOLUME | 0639243203730478134_000097.cmd | Vol=7
2026-09-06 21:39:33.053  VOLUME | 7
2026-09-06 21:39:33.873  CMD STOP | 0639243203738567912_000098.cmd | Vol=0
2026-09-06 21:39:33.875  STOP
2026-09-06 21:39:33.878  WMP STATE 1 = Stopped
2026-09-06 21:39:34.812  META | Artist= | Title=WQHTFM | Name=WQHTFM
2026-09-06 21:43:40.348  CMD PLAY | 0639243206203273126_000099.cmd | Vol=7
2026-09-06 21:43:40.360  URL GESETZT | Vol=7 | https://27033.live.streamtheworld.com/WQHTFM.mp3
2026-09-06 21:43:40.743  PLAY AUFGERUFEN
2026-09-06 21:43:40.746  WMP STATE 9 = Transitioning
2026-09-06 21:43:42.084  META | Artist= | Title=WQHTFM | Name=WQHTFM
2026-09-06 21:43:42.134  WMP STATE 6 = Buffering
2026-09-06 21:43:42.473  WMP STATE 3 = Playing
2026-09-06 21:43:42.813  CMD PLAY | 0639243206227955615_000100.cmd | Vol=7
2026-09-06 21:43:42.818  URL GESETZT | Vol=7 | https://media-ssl.musicradio.com/CapitalXTRANationalMP3
2026-09-06 21:43:43.177  PLAY AUFGERUFEN
2026-09-06 21:43:43.205  WMP STATE 9 = Transitioning
2026-09-06 21:43:43.689  ICY META | SUMMER BANTON - Problematic [RK Clean]
2026-09-06 21:43:43.691  META | Artist=SUMMER BANTON | Title=Problematic [RK Clean] | Name=SUMMER BANTON - Problematic [RK Clean]
2026-09-06 21:43:43.739  WMP STATE 6 = Buffering
2026-09-06 21:43:43.768  WMP STATE 3 = Playing
2026-09-06 21:43:48.300  CMD STOP | 0639243206282545575_000101.cmd | Vol=0
2026-09-06 21:43:48.301  STOP
2026-09-06 21:43:48.304  WMP STATE 1 = Stopped
2026-09-06 21:43:48.306  META | Artist= | Title=Capital XTRA UK | Name=Capital XTRA UK
2026-09-06 21:43:52.891  CMD PLAY | 0639243206328754861_000102.cmd | Vol=7
2026-09-06 21:43:52.898  URL GESETZT | Vol=7 | https://media-ssl.musicradio.com/CapitalXTRANationalMP3
2026-09-06 21:43:53.255  PLAY AUFGERUFEN
2026-09-06 21:43:53.258  WMP STATE 9 = Transitioning
2026-09-06 21:43:53.623  ICY META | SUMMER BANTON - Problematic [RK Clean]
2026-09-06 21:43:53.624  META | Artist=SUMMER BANTON | Title=Problematic [RK Clean] | Name=SUMMER BANTON - Problematic [RK Clean]
2026-09-06 21:43:53.664  WMP STATE 6 = Buffering
2026-09-06 21:43:53.706  WMP STATE 3 = Playing
2026-09-06 21:43:55.854  CMD PLAY | 0639243206358175286_000103.cmd | Vol=7
2026-09-06 21:43:55.857  URL GESETZT | Vol=7 | https://icecast.omroep.nl/funx-bb-mp3
2026-09-06 21:43:56.219  PLAY AUFGERUFEN
2026-09-06 21:43:56.222  WMP STATE 9 = Transitioning
2026-09-06 21:43:56.555  ICY META | Tayc - N
2026-09-06 21:43:56.556  META | Artist=Tayc | Title=N | Name=Tayc - N
2026-09-06 21:43:56.597  CMD VOLUME | 0639243206361820440_000104.cmd | Vol=7
2026-09-06 21:43:56.598  VOLUME | 7
2026-09-06 21:43:56.601  CMD VOLUME | 0639243206363124822_000105.cmd | Vol=6
2026-09-06 21:43:56.602  VOLUME | 6
2026-09-06 21:43:56.605  CMD VOLUME | 0639243206364420432_000106.cmd | Vol=5
2026-09-06 21:43:56.606  VOLUME | 5
2026-09-06 21:43:56.609  CMD PLAY | 0639243206365709665_000107.cmd | Vol=5
2026-09-06 21:43:56.813  URL GESETZT | Vol=5 | https://icecast.radiofrance.fr/fiphiphop-midfi.mp3?id=openapi
2026-09-06 21:43:57.175  PLAY AUFGERUFEN
2026-09-06 21:43:58.213  META | Artist= | Title=fiphiphop-midfi | Name=fiphiphop-midfi
2026-09-06 21:43:58.259  CMD PLAY | 0639243206374025751_000108.cmd | Vol=5
2026-09-06 21:43:58.470  URL GESETZT | Vol=5 | https://streaming.live365.com/a34724
2026-09-06 21:43:58.825  PLAY AUFGERUFEN
2026-09-06 21:44:00.169  ICY META | Nas - Not Going Back
2026-09-06 21:44:00.170  META | Artist=Nas | Title=Not Going Back | Name=Nas - Not Going Back
2026-09-06 21:44:00.208  CMD PLAY | 0639243206385659608_000109.cmd | Vol=5
2026-09-06 21:44:00.212  URL GESETZT | Vol=5 | http://media-ice.musicradio.com:80/CapitalXTRAReloadedMP3
2026-09-06 21:44:00.572  PLAY AUFGERUFEN
2026-09-06 21:44:00.577  CMD PLAY | 0639243206395195004_000110.cmd | Vol=5
2026-09-06 21:44:00.789  URL GESETZT | Vol=5 | https://stream.bigfm.de/oldschoolrap/mp3-128/stream.bigfm.de/
2026-09-06 21:44:01.143  PLAY AUFGERUFEN
2026-09-06 21:44:01.146  CMD VOLUME | 0639243206397308793_000111.cmd | Vol=6
2026-09-06 21:44:01.147  VOLUME | 6
2026-09-06 21:44:01.150  CMD VOLUME | 0639243206398362226_000112.cmd | Vol=6
2026-09-06 21:44:01.151  VOLUME | 6
2026-09-06 21:44:01.154  CMD VOLUME | 0639243206399422338_000113.cmd | Vol=6
2026-09-06 21:44:01.155  VOLUME | 6
2026-09-06 21:44:01.174  CMD VOLUME | 0639243206400479592_000114.cmd | Vol=6
2026-09-06 21:44:01.174  VOLUME | 6
2026-09-06 21:44:01.178  CMD VOLUME | 0639243206401533363_000115.cmd | Vol=6
2026-09-06 21:44:01.189  VOLUME | 6
2026-09-06 21:44:02.193  META | Artist= | Title=stream.bigfm | Name=stream.bigfm
2026-09-06 21:44:02.243  CMD VOLUME | 0639243206402597070_000116.cmd | Vol=7
2026-09-06 21:44:02.245  VOLUME | 7
2026-09-06 21:44:02.248  CMD VOLUME | 0639243206403660530_000117.cmd | Vol=7
2026-09-06 21:44:02.248  VOLUME | 7
2026-09-06 21:44:02.251  CMD VOLUME | 0639243206404708944_000118.cmd | Vol=7
2026-09-06 21:44:02.252  VOLUME | 7
2026-09-06 21:44:02.254  CMD VOLUME | 0639243206405782261_000119.cmd | Vol=7
2026-09-06 21:44:02.255  VOLUME | 7
2026-09-06 21:44:03.215  WMP STATE 6 = Buffering
2026-09-06 21:44:03.258  WMP STATE 3 = Playing
2026-09-06 21:44:04.060  CMD VOLUME | 0639243206440418966_000120.cmd | Vol=6
2026-09-06 21:44:04.061  VOLUME | 6
2026-09-06 21:44:04.199  CMD VOLUME | 0639243206441775094_000121.cmd | Vol=5
2026-09-06 21:44:04.199  VOLUME | 5
2026-09-06 21:44:04.583  CMD VOLUME | 0639243206445760598_000122.cmd | Vol=4
2026-09-06 21:44:04.585  VOLUME | 4
2026-09-06 21:44:04.876  CMD VOLUME | 0639243206448519853_000123.cmd | Vol=3
2026-09-06 21:44:04.877  VOLUME | 3
2026-09-06 21:44:05.647  CMD VOLUME | 0639243206456448399_000124.cmd | Vol=4
2026-09-06 21:44:05.649  VOLUME | 4
2026-09-06 21:44:06.352  CMD PLAY | 0639243206463189143_000125.cmd | Vol=4
2026-09-06 21:44:06.356  URL GESETZT | Vol=4 | https://streams.80s80s.de/hiphop/mp3-128/streams.80s80s.de/
2026-09-06 21:44:06.722  PLAY AUFGERUFEN
2026-09-06 21:44:06.725  WMP STATE 9 = Transitioning
2026-09-06 21:44:07.327  META | Artist= | Title=streams.80s80s | Name=streams.80s80s
2026-09-06 21:44:07.856  WMP STATE 6 = Buffering
2026-09-06 21:44:07.898  WMP STATE 3 = Playing
2026-09-06 21:44:35.228  CMD STOP | 0639243206752141356_000126.cmd | Vol=0
2026-09-06 21:44:35.231  STOP
2026-09-06 21:44:35.233  WMP STATE 1 = Stopped
2026-09-06 21:44:35.235  META | Artist= | Title=streams.80s80s | Name=streams.80s80s
2026-09-06 21:44:43.389  CMD PLAY | 0639243206833799044_000127.cmd | Vol=4
2026-09-06 21:44:43.394  URL GESETZT | Vol=4 | https://streams.80s80s.de/hiphop/mp3-128/streams.80s80s.de/
2026-09-06 21:44:43.755  PLAY AUFGERUFEN
2026-09-06 21:44:43.757  WMP STATE 9 = Transitioning
2026-09-06 21:44:44.254  META | Artist= | Title=streams.80s80s | Name=streams.80s80s
2026-09-06 21:44:45.170  WMP STATE 6 = Buffering
2026-09-06 21:44:54.192  CMD PLAY | 0639243206941810004_000128.cmd | Vol=4
2026-09-06 21:44:54.197  URL GESETZT | Vol=4 | https://stream.regenbogen.de/hiphop_old/mp3-128/stream.regenbogen.de/
2026-09-06 21:44:54.558  PLAY AUFGERUFEN
2026-09-06 21:44:54.562  WMP STATE 9 = Transitioning
2026-09-06 21:44:55.369  META | Artist= | Title=stream.regenbogen | Name=stream.regenbogen
2026-09-06 21:44:55.413  CMD PLAY | 0639243206947392521_000129.cmd | Vol=4
2026-09-06 21:44:55.418  URL GESETZT | Vol=4 | https://streams.80s80s.de/hiphop/mp3-128/streams.80s80s.de/
2026-09-06 21:44:55.775  PLAY AUFGERUFEN
2026-09-06 21:44:56.227  META | Artist= | Title=streams.80s80s | Name=streams.80s80s
2026-09-06 21:44:58.526  CMD VOLUME | 0639243206985161667_000130.cmd | Vol=3
2026-09-06 21:44:58.527  VOLUME | 3
2026-09-06 21:44:58.666  CMD VOLUME | 0639243206986232337_000131.cmd | Vol=3
2026-09-06 21:44:58.667  VOLUME | 3
2026-09-06 21:44:58.740  CMD VOLUME | 0639243206987276272_000132.cmd | Vol=3
2026-09-06 21:44:58.740  VOLUME | 3
2026-09-06 21:44:58.747  WMP STATE 6 = Buffering
2026-09-06 21:44:58.850  CMD VOLUME | 0639243206988321591_000133.cmd | Vol=3
2026-09-06 21:44:58.852  VOLUME | 3
2026-09-06 21:45:01.302  CMD PLAY | 0639243207012766048_000134.cmd | Vol=4
2026-09-06 21:45:01.308  URL GESETZT | Vol=4 | https://streams.80s80s.de/hiphop/mp3-128/streams.80s80s.de/
2026-09-06 21:45:01.684  PLAY AUFGERUFEN
2026-09-06 21:45:01.688  CMD VOLUME | 0639243207012776306_000135.cmd | Vol=4
2026-09-06 21:45:01.699  VOLUME | 4
2026-09-06 21:45:01.703  WMP STATE 9 = Transitioning
2026-09-06 21:45:02.135  META | Artist= | Title=streams.80s80s | Name=streams.80s80s
2026-09-06 21:45:02.186  CMD VOLUME | 0639243207013830078_000136.cmd | Vol=3
2026-09-06 21:45:02.188  VOLUME | 3
2026-09-06 21:45:02.191  CMD VOLUME | 0639243207014894303_000137.cmd | Vol=3
2026-09-06 21:45:02.192  VOLUME | 3
2026-09-06 21:45:02.195  CMD VOLUME | 0639243207015983836_000138.cmd | Vol=3
2026-09-06 21:45:02.196  VOLUME | 3
2026-09-06 21:45:02.198  CMD VOLUME | 0639243207017060894_000139.cmd | Vol=3
2026-09-06 21:45:02.199  VOLUME | 3
2026-09-06 21:45:02.700  WMP STATE 6 = Buffering
2026-09-06 21:45:03.742  WMP STATE 3 = Playing
2026-09-06 21:45:05.238  CMD VOLUME | 0639243207052344382_000140.cmd | Vol=3
2026-09-06 21:45:05.239  VOLUME | 3
2026-09-06 21:45:05.409  CMD VOLUME | 0639243207053657264_000141.cmd | Vol=3
2026-09-06 21:45:05.410  VOLUME | 3
2026-09-06 21:45:05.500  CMD VOLUME | 0639243207054976185_000142.cmd | Vol=3
2026-09-06 21:45:05.501  VOLUME | 3
2026-09-06 21:45:05.638  CMD VOLUME | 0639243207056298877_000143.cmd | Vol=3
2026-09-06 21:45:05.639  VOLUME | 3
2026-09-06 21:45:05.776  CMD VOLUME | 0639243207057624195_000144.cmd | Vol=3
2026-09-06 21:45:05.777  VOLUME | 3
2026-09-06 21:45:05.915  CMD VOLUME | 0639243207058933954_000145.cmd | Vol=4
2026-09-06 21:45:05.941  VOLUME | 4
2026-09-06 21:45:06.071  CMD VOLUME | 0639243207060259596_000146.cmd | Vol=4
2026-09-06 21:45:06.072  VOLUME | 4
2026-09-06 21:45:38.329  CMD STOP | 0639243207383112831_000147.cmd | Vol=0
2026-09-06 21:45:38.331  STOP
2026-09-06 21:45:38.334  WMP STATE 1 = Stopped
2026-09-06 21:45:38.407  META | Artist= | Title=streams.80s80s | Name=streams.80s80s
2026-09-06 21:46:07.518  CMD PLAY | 0639243207675039661_000148.cmd | Vol=4
2026-09-06 21:46:07.526  URL GESETZT | Vol=4 | https://streams.80s80s.de/hiphop/mp3-128/streams.80s80s.de/
2026-09-06 21:46:07.899  PLAY AUFGERUFEN
2026-09-06 21:46:07.901  CMD VOLUME | 0639243207675050558_000149.cmd | Vol=3
2026-09-06 21:46:07.902  VOLUME | 3
2026-09-06 21:46:07.905  WMP STATE 9 = Transitioning
2026-09-06 21:46:08.503  META | Artist= | Title=streams.80s80s | Name=streams.80s80s
2026-09-06 21:46:08.555  CMD VOLUME | 0639243207676311631_000150.cmd | Vol=3
2026-09-06 21:46:08.556  VOLUME | 3
2026-09-06 21:46:08.562  WMP STATE 6 = Buffering
2026-09-06 21:46:09.264  WMP STATE 3 = Playing
2026-09-06 21:46:29.983  CMD VOLUME | 0639243207899635626_000151.cmd | Vol=3
2026-09-06 21:46:29.983  VOLUME | 3
2026-09-06 21:46:30.155  CMD VOLUME | 0639243207901096128_000152.cmd | Vol=3
2026-09-06 21:46:30.156  VOLUME | 3
2026-09-06 21:46:30.265  CMD VOLUME | 0639243207902528421_000153.cmd | Vol=3
2026-09-06 21:46:30.265  VOLUME | 3
2026-09-06 21:46:30.401  CMD VOLUME | 0639243207903957176_000154.cmd | Vol=3
2026-09-06 21:46:30.402  VOLUME | 3
2026-09-06 21:46:30.541  CMD VOLUME | 0639243207905390959_000155.cmd | Vol=4
2026-09-06 21:46:30.543  VOLUME | 4
2026-09-06 21:46:30.696  CMD VOLUME | 0639243207906821123_000156.cmd | Vol=4
2026-09-06 21:46:30.696  VOLUME | 4
2026-09-06 21:46:30.867  CMD VOLUME | 0639243207908222688_000157.cmd | Vol=4
2026-09-06 21:46:30.868  VOLUME | 4
2026-09-06 21:46:31.953  CMD VOLUME | 0639243207919461090_000158.cmd | Vol=3
2026-09-06 21:46:31.954  VOLUME | 3
2026-09-06 21:46:32.099  CMD VOLUME | 0639243207920851637_000159.cmd | Vol=3
2026-09-06 21:46:32.100  VOLUME | 3
2026-09-06 21:46:32.270  CMD VOLUME | 0639243207922250913_000160.cmd | Vol=3
2026-09-06 21:46:32.271  VOLUME | 3
2026-09-06 21:46:52.206  CMD VOLUME | 0639243208121636140_000161.cmd | Vol=3
2026-09-06 21:46:52.207  VOLUME | 3
2026-09-06 21:46:52.327  CMD VOLUME | 0639243208123091388_000162.cmd | Vol=3
2026-09-06 21:46:52.328  VOLUME | 3
2026-09-06 21:46:52.465  CMD VOLUME | 0639243208124537288_000163.cmd | Vol=3
2026-09-06 21:46:52.466  VOLUME | 3
2026-09-06 21:46:52.604  CMD VOLUME | 0639243208125962250_000164.cmd | Vol=3
2026-09-06 21:46:52.605  VOLUME | 3
2026-09-06 21:46:52.744  CMD VOLUME | 0639243208127412022_000165.cmd | Vol=4
2026-09-06 21:46:52.745  VOLUME | 4
2026-09-06 21:46:52.905  CMD VOLUME | 0639243208128870350_000166.cmd | Vol=4
2026-09-06 21:46:52.906  VOLUME | 4
2026-09-06 21:46:53.036  CMD VOLUME | 0639243208130338035_000167.cmd | Vol=4
2026-09-06 21:46:53.036  VOLUME | 4
2026-09-06 21:46:55.405  CMD VOLUME | 0639243208153966916_000168.cmd | Vol=3
2026-09-06 21:46:55.406  VOLUME | 3
2026-09-06 21:46:55.561  CMD VOLUME | 0639243208155374287_000169.cmd | Vol=3
2026-09-06 21:46:55.562  VOLUME | 3
2026-09-06 21:46:55.700  CMD VOLUME | 0639243208156812754_000170.cmd | Vol=3
2026-09-06 21:46:55.700  VOLUME | 3
2026-09-06 21:47:14.150  CMD VOLUME | 0639243208341353579_000171.cmd | Vol=3
2026-09-06 21:47:14.151  VOLUME | 3
2026-09-06 21:47:14.323  CMD VOLUME | 0639243208342813510_000172.cmd | Vol=3
2026-09-06 21:47:14.324  VOLUME | 3
2026-09-06 21:47:14.430  CMD VOLUME | 0639243208344275494_000173.cmd | Vol=3
2026-09-06 21:47:14.431  VOLUME | 3
2026-09-06 21:47:14.598  CMD VOLUME | 0639243208345739623_000174.cmd | Vol=3
2026-09-06 21:47:14.599  VOLUME | 3
2026-09-06 21:47:14.737  CMD VOLUME | 0639243208347199510_000175.cmd | Vol=4
2026-09-06 21:47:14.738  VOLUME | 4
2026-09-06 21:47:14.910  CMD VOLUME | 0639243208348625931_000176.cmd | Vol=4
2026-09-06 21:47:14.911  VOLUME | 4
2026-09-06 21:47:15.015  CMD VOLUME | 0639243208350040331_000177.cmd | Vol=4
2026-09-06 21:47:15.015  VOLUME | 4
2026-09-06 21:47:16.002  CMD VOLUME | 0639243208359796126_000178.cmd | Vol=3
2026-09-06 21:47:16.003  VOLUME | 3
2026-09-06 21:47:16.139  CMD VOLUME | 0639243208361195472_000179.cmd | Vol=3
2026-09-06 21:47:16.141  VOLUME | 3
2026-09-06 21:47:16.264  CMD VOLUME | 0639243208362570903_000180.cmd | Vol=3
2026-09-06 21:47:16.265  VOLUME | 3
2026-09-06 21:47:19.391  CMD VOLUME | 0639243208393676059_000181.cmd | Vol=3
2026-09-06 21:47:19.392  VOLUME | 3
2026-09-06 21:47:19.504  CMD VOLUME | 0639243208395009723_000182.cmd | Vol=3
2026-09-06 21:47:19.505  VOLUME | 3
2026-09-06 21:47:19.639  CMD VOLUME | 0639243208396335546_000183.cmd | Vol=3
2026-09-06 21:47:19.640  VOLUME | 3
2026-09-06 21:47:19.778  CMD VOLUME | 0639243208397645491_000184.cmd | Vol=3
2026-09-06 21:47:19.779  VOLUME | 3
2026-09-06 21:47:19.917  CMD VOLUME | 0639243208398951508_000185.cmd | Vol=3
2026-09-06 21:47:19.943  VOLUME | 3
2026-09-06 21:47:20.073  CMD VOLUME | 0639243208400254741_000186.cmd | Vol=4
2026-09-06 21:47:20.075  VOLUME | 4
2026-09-06 21:47:20.163  CMD VOLUME | 0639243208401587624_000187.cmd | Vol=4
2026-09-06 21:47:20.164  VOLUME | 4
2026-09-06 21:47:28.340  CMD VOLUME | 0639243208483162760_000188.cmd | Vol=3
2026-09-06 21:47:28.342  VOLUME | 3
2026-09-06 21:47:28.481  CMD VOLUME | 0639243208484522090_000189.cmd | Vol=3
2026-09-06 21:47:28.482  VOLUME | 3
2026-09-06 21:47:28.619  CMD VOLUME | 0639243208485911688_000190.cmd | Vol=3
2026-09-06 21:47:28.621  VOLUME | 3
2026-09-06 21:47:50.759  CMD VOLUME | 0639243208707417534_000191.cmd | Vol=3
2026-09-06 21:47:50.760  VOLUME | 3
2026-09-06 21:47:50.929  CMD VOLUME | 0639243208708831415_000192.cmd | Vol=3
2026-09-06 21:47:50.930  VOLUME | 3
2026-09-06 21:47:51.052  CMD VOLUME | 0639243208710239004_000193.cmd | Vol=3
2026-09-06 21:47:51.053  VOLUME | 3
2026-09-06 21:47:51.190  CMD VOLUME | 0639243208711640436_000194.cmd | Vol=3
2026-09-06 21:47:51.191  VOLUME | 3
2026-09-06 21:47:51.313  CMD VOLUME | 0639243208713061996_000195.cmd | Vol=4
2026-09-06 21:47:51.314  VOLUME | 4
2026-09-06 21:47:51.453  CMD VOLUME | 0639243208714495698_000196.cmd | Vol=3
2026-09-06 21:47:51.454  VOLUME | 3
2026-09-06 21:47:51.589  CMD VOLUME | 0639243208715764235_000197.cmd | Vol=3
2026-09-06 21:47:51.590  VOLUME | 3
2026-09-06 21:47:51.729  CMD VOLUME | 0639243208717233532_000198.cmd | Vol=3
2026-09-06 21:47:51.729  VOLUME | 3
2026-09-06 21:47:55.592  CMD VOLUME | 0639243208746435662_000199.cmd | Vol=3
2026-09-06 21:47:55.593  VOLUME | 3
2026-09-06 21:47:55.596  CMD VOLUME | 0639243208747790316_000200.cmd | Vol=3
2026-09-06 21:47:55.597  VOLUME | 3
2026-09-06 21:47:55.599  CMD VOLUME | 0639243208749168287_000201.cmd | Vol=3
2026-09-06 21:47:55.600  VOLUME | 3
2026-09-06 21:47:55.603  CMD VOLUME | 0639243208750534153_000202.cmd | Vol=3
2026-09-06 21:47:55.604  VOLUME | 3
2026-09-06 21:47:55.607  CMD VOLUME | 0639243208751863773_000203.cmd | Vol=3
2026-09-06 21:47:55.608  VOLUME | 3
2026-09-06 21:47:55.610  CMD VOLUME | 0639243208753203870_000204.cmd | Vol=4
2026-09-06 21:47:55.611  VOLUME | 4
2026-09-06 21:47:55.614  CMD VOLUME | 0639243208754559644_000205.cmd | Vol=4
2026-09-06 21:47:55.614  VOLUME | 4
2026-09-06 21:48:26.129  CMD VOLUME | 0639243209061214139_000206.cmd | Vol=3
2026-09-06 21:48:26.130  VOLUME | 3
2026-09-06 21:48:26.268  CMD VOLUME | 0639243209062556506_000207.cmd | Vol=3
2026-09-06 21:48:26.269  VOLUME | 3
2026-09-06 21:48:26.424  CMD VOLUME | 0639243209063919737_000208.cmd | Vol=3
2026-09-06 21:48:26.425  VOLUME | 3
2026-09-06 21:48:34.956  CMD VOLUME | 0639243209149369879_000209.cmd | Vol=3
2026-09-06 21:48:34.957  VOLUME | 3
2026-09-06 21:48:35.081  CMD VOLUME | 0639243209150696396_000210.cmd | Vol=3
2026-09-06 21:48:35.082  VOLUME | 3
2026-09-06 21:48:35.205  CMD VOLUME | 0639243209152031985_000211.cmd | Vol=3
2026-09-06 21:48:35.206  VOLUME | 3
2026-09-06 21:48:35.343  CMD VOLUME | 0639243209153351004_000212.cmd | Vol=3
2026-09-06 21:48:35.344  VOLUME | 3
2026-09-06 21:48:35.498  CMD VOLUME | 0639243209154702844_000213.cmd | Vol=3
2026-09-06 21:48:35.499  VOLUME | 3
2026-09-06 21:48:35.638  CMD VOLUME | 0639243209156037901_000214.cmd | Vol=4
2026-09-06 21:48:35.639  VOLUME | 4
2026-09-06 21:48:36.255  CMD VOLUME | 0639243209157374311_000215.cmd | Vol=4
2026-09-06 21:48:36.256  VOLUME | 4
2026-09-06 21:48:38.169  CMD VOLUME | 0639243209181311707_000216.cmd | Vol=3
2026-09-06 21:48:38.171  VOLUME | 3
2026-09-06 21:48:38.310  CMD VOLUME | 0639243209182652610_000217.cmd | Vol=3
2026-09-06 21:48:38.311  VOLUME | 3
2026-09-06 21:48:38.401  CMD VOLUME | 0639243209183990774_000218.cmd | Vol=3
2026-09-06 21:48:38.402  VOLUME | 3
2026-09-06 21:48:44.342  CMD VOLUME | 0639243209239869328_000219.cmd | Vol=3
2026-09-06 21:48:44.343  VOLUME | 3
2026-09-06 21:48:44.346  CMD VOLUME | 0639243209242615950_000220.cmd | Vol=2
2026-09-06 21:48:44.348  VOLUME | 2
2026-09-06 21:48:44.680  CMD VOLUME | 0639243209246663590_000221.cmd | Vol=2
2026-09-06 21:48:44.681  VOLUME | 2
2026-09-06 21:48:44.957  CMD VOLUME | 0639243209249291244_000222.cmd | Vol=2
2026-09-06 21:48:44.958  VOLUME | 2
2026-09-06 21:48:46.114  CMD VOLUME | 0639243209261020631_000223.cmd | Vol=1
2026-09-06 21:48:46.115  VOLUME | 1
2026-09-06 21:48:46.654  CMD VOLUME | 0639243209266181772_000224.cmd | Vol=1
2026-09-06 21:48:46.655  VOLUME | 1
2026-09-06 21:48:48.594  CMD VOLUME | 0639243209285479903_000225.cmd | Vol=1
2026-09-06 21:48:48.595  VOLUME | 1
2026-09-06 21:48:48.684  CMD VOLUME | 0639243209286745936_000226.cmd | Vol=2
2026-09-06 21:48:48.685  VOLUME | 2
2026-09-06 21:48:48.809  CMD VOLUME | 0639243209288019251_000227.cmd | Vol=3
2026-09-06 21:48:48.810  VOLUME | 3
2026-09-06 21:48:48.947  CMD VOLUME | 0639243209289300154_000228.cmd | Vol=3
2026-09-06 21:48:48.948  VOLUME | 3
2026-09-06 21:48:49.090  CMD VOLUME | 0639243209290590960_000229.cmd | Vol=3
2026-09-06 21:48:49.091  VOLUME | 3
2026-09-06 21:48:49.211  CMD VOLUME | 0639243209291878914_000230.cmd | Vol=3
2026-09-06 21:48:49.211  VOLUME | 3
2026-09-06 21:48:49.335  CMD VOLUME | 0639243209293192229_000231.cmd | Vol=4
2026-09-06 21:48:49.346  VOLUME | 4
2026-09-06 21:48:50.491  CMD VOLUME | 0639243209304682600_000232.cmd | Vol=3
2026-09-06 21:48:50.492  VOLUME | 3
2026-09-06 21:48:50.614  CMD VOLUME | 0639243209306124140_000233.cmd | Vol=1
2026-09-06 21:48:50.615  VOLUME | 1
2026-09-06 21:48:51.294  CMD VOLUME | 0639243209312610680_000234.cmd | Vol=3
2026-09-06 21:48:51.296  VOLUME | 3
2026-09-06 21:48:51.431  CMD VOLUME | 0639243209314047285_000235.cmd | Vol=4
2026-09-06 21:48:51.433  VOLUME | 4
2026-09-06 21:48:51.663  CMD VOLUME | 0639243209316594179_000236.cmd | Vol=5
2026-09-06 21:48:51.664  VOLUME | 5
2026-09-06 21:48:51.835  CMD VOLUME | 0639243209317893311_000237.cmd | Vol=6
2026-09-06 21:48:51.837  VOLUME | 6
2026-09-06 21:48:52.850  CMD VOLUME | 0639243209320536030_000238.cmd | Vol=7
2026-09-06 21:48:52.852  VOLUME | 7
2026-09-06 21:48:52.855  CMD VOLUME | 0639243209326847364_000239.cmd | Vol=6
2026-09-06 21:48:52.857  VOLUME | 6
2026-09-06 21:48:52.861  CMD VOLUME | 0639243209328114324_000240.cmd | Vol=4
2026-09-06 21:48:52.863  VOLUME | 4
2026-09-06 21:48:52.989  CMD VOLUME | 0639243209329410161_000241.cmd | Vol=3
2026-09-06 21:48:52.990  VOLUME | 3
2026-09-06 21:49:07.371  CMD VOLUME | 0639243209473678717_000242.cmd | Vol=2
2026-09-06 21:49:07.372  VOLUME | 2
2026-09-06 21:49:07.788  CMD VOLUME | 0639243209477697360_000243.cmd | Vol=2
2026-09-06 21:49:07.791  VOLUME | 2
2026-09-06 21:49:08.312  CMD VOLUME | 0639243209482992110_000244.cmd | Vol=2
2026-09-06 21:49:08.321  VOLUME | 2
2026-09-06 21:49:09.302  CMD VOLUME | 0639243209488341761_000245.cmd | Vol=2
2026-09-06 21:49:09.303  VOLUME | 2
2026-09-06 21:49:10.782  CMD VOLUME | 0639243209507619053_000246.cmd | Vol=2
2026-09-06 21:49:10.783  VOLUME | 2
2026-09-06 21:49:10.907  CMD VOLUME | 0639243209508901383_000247.cmd | Vol=3
2026-09-06 21:49:10.908  VOLUME | 3
2026-09-06 21:49:11.031  CMD VOLUME | 0639243209510190899_000248.cmd | Vol=4
2026-09-06 21:49:11.041  VOLUME | 4
2026-09-06 21:49:11.154  CMD VOLUME | 0639243209511469750_000249.cmd | Vol=4
2026-09-06 21:49:11.155  VOLUME | 4
2026-09-06 21:49:11.293  CMD VOLUME | 0639243209512733067_000250.cmd | Vol=4
2026-09-06 21:49:11.294  VOLUME | 4
2026-09-06 21:49:11.436  CMD VOLUME | 0639243209514012311_000251.cmd | Vol=5
2026-09-06 21:49:11.437  VOLUME | 5
2026-09-06 21:49:11.559  CMD VOLUME | 0639243209515290739_000252.cmd | Vol=5
2026-09-06 21:49:11.560  VOLUME | 5
2026-09-06 21:49:11.680  CMD VOLUME | 0639243209516571067_000253.cmd | Vol=5
2026-09-06 21:49:11.681  VOLUME | 5
2026-09-06 21:49:12.176  CMD VOLUME | 0639243209521612414_000254.cmd | Vol=4
2026-09-06 21:49:12.177  VOLUME | 4
2026-09-06 21:49:12.840  CMD VOLUME | 0639243209528061976_000255.cmd | Vol=5
2026-09-06 21:49:12.842  VOLUME | 5
2026-09-06 21:49:13.188  CMD VOLUME | 0639243209531843055_000256.cmd | Vol=6
2026-09-06 21:49:13.189  VOLUME | 6
2026-09-06 21:49:13.332  CMD VOLUME | 0639243209533126729_000257.cmd | Vol=7
2026-09-06 21:49:13.333  VOLUME | 7
2026-09-06 21:49:13.456  CMD VOLUME | 0639243209534536234_000258.cmd | Vol=8
2026-09-06 21:49:13.457  VOLUME | 8
2026-09-06 21:49:13.611  CMD VOLUME | 0639243209535829604_000259.cmd | Vol=9
2026-09-06 21:49:13.612  VOLUME | 9
2026-09-06 21:49:13.734  CMD VOLUME | 0639243209537110902_000260.cmd | Vol=10
2026-09-06 21:49:13.735  VOLUME | 10
2026-09-06 21:49:13.857  CMD VOLUME | 0639243209538394366_000261.cmd | Vol=11
2026-09-06 21:49:13.858  VOLUME | 11
2026-09-06 21:49:13.999  CMD VOLUME | 0639243209539674825_000262.cmd | Vol=12
2026-09-06 21:49:14.000  VOLUME | 12
2026-09-06 21:49:14.135  CMD VOLUME | 0639243209540952765_000263.cmd | Vol=13
2026-09-06 21:49:14.137  VOLUME | 13
2026-09-06 21:49:14.227  CMD VOLUME | 0639243209542232784_000264.cmd | Vol=14
2026-09-06 21:49:14.228  VOLUME | 14
2026-09-06 21:49:14.384  CMD VOLUME | 0639243209543526125_000265.cmd | Vol=15
2026-09-06 21:49:14.386  VOLUME | 15
2026-09-06 21:49:14.753  CMD VOLUME | 0639243209547495601_000266.cmd | Vol=16
2026-09-06 21:49:14.754  VOLUME | 16
2026-09-06 21:49:15.016  CMD VOLUME | 0639243209550139208_000267.cmd | Vol=17
2026-09-06 21:49:15.017  VOLUME | 17
2026-09-06 21:49:15.417  CMD VOLUME | 0639243209553974937_000268.cmd | Vol=18
2026-09-06 21:49:15.418  VOLUME | 18
2026-09-06 21:49:15.941  CMD VOLUME | 0639243209559217569_000269.cmd | Vol=19
2026-09-06 21:49:15.942  VOLUME | 19
2026-09-06 21:49:16.447  CMD VOLUME | 0639243209564318882_000270.cmd | Vol=20
2026-09-06 21:49:16.448  VOLUME | 20
2026-09-06 21:49:17.728  CMD VOLUME | 0639243209577104540_000271.cmd | Vol=15
2026-09-06 21:49:17.730  VOLUME | 15
2026-09-06 21:49:17.867  CMD VOLUME | 0639243209578420550_000272.cmd | Vol=10
2026-09-06 21:49:17.868  VOLUME | 10
2026-09-06 21:49:17.990  CMD VOLUME | 0639243209579742919_000273.cmd | Vol=7
2026-09-06 21:49:17.991  VOLUME | 7
2026-09-06 21:49:24.639  CMD VOLUME | 0639243209645973969_000274.cmd | Vol=6
2026-09-06 21:49:24.640  VOLUME | 6
2026-09-06 21:49:25.162  CMD VOLUME | 0639243209648704222_000275.cmd | Vol=6
2026-09-06 21:49:25.163  VOLUME | 6
2026-09-06 21:49:25.166  CMD VOLUME | 0639243209650045665_000276.cmd | Vol=5
2026-09-06 21:49:25.167  VOLUME | 5
2026-09-06 21:49:25.318  CMD VOLUME | 0639243209652768244_000277.cmd | Vol=4
2026-09-06 21:49:25.320  VOLUME | 4
2026-09-06 21:49:25.841  CMD VOLUME | 0639243209658044010_000278.cmd | Vol=4
2026-09-06 21:49:25.842  VOLUME | 4
2026-09-06 21:49:26.101  CMD VOLUME | 0639243209660794056_000279.cmd | Vol=3
2026-09-06 21:49:26.102  VOLUME | 3
2026-09-06 21:49:27.244  CMD VOLUME | 0639243209672378106_000280.cmd | Vol=3
2026-09-06 21:49:27.245  VOLUME | 3
2026-09-06 21:49:27.783  CMD VOLUME | 0639243209677659650_000281.cmd | Vol=3
2026-09-06 21:49:27.784  VOLUME | 3
2026-09-06 21:49:28.060  CMD VOLUME | 0639243209680404099_000282.cmd | Vol=3
2026-09-06 21:49:28.061  VOLUME | 3
2026-09-06 21:49:28.447  CMD VOLUME | 0639243209684379189_000283.cmd | Vol=3
2026-09-06 21:49:28.447  VOLUME | 3
2026-09-06 21:49:32.327  CMD VOLUME | 0639243209723042954_000284.cmd | Vol=3
2026-09-06 21:49:32.327  VOLUME | 3
2026-09-06 21:49:32.607  CMD VOLUME | 0639243209725681434_000285.cmd | Vol=3
2026-09-06 21:49:32.608  VOLUME | 3
2026-09-06 21:49:34.150  CMD VOLUME | 0639243209730928132_000286.cmd | Vol=4
2026-09-06 21:49:34.151  VOLUME | 4
2026-09-06 21:49:34.153  CMD VOLUME | 0639243209738860259_000287.cmd | Vol=4
2026-09-06 21:49:34.154  VOLUME | 4
2026-09-06 21:49:34.825  CMD VOLUME | 0639243209748070323_000288.cmd | Vol=4
2026-09-06 21:49:34.826  VOLUME | 4
2026-09-06 21:49:35.366  CMD VOLUME | 0639243209753384812_000289.cmd | Vol=3
2026-09-06 21:49:35.368  VOLUME | 3
2026-09-06 21:49:36.060  CMD VOLUME | 0639243209760182627_000290.cmd | Vol=4
2026-09-06 21:49:36.062  VOLUME | 4
2026-09-06 21:49:36.151  CMD VOLUME | 0639243209761458828_000291.cmd | Vol=4
2026-09-06 21:49:36.152  VOLUME | 4
2026-09-06 21:49:36.290  CMD VOLUME | 0639243209762745360_000292.cmd | Vol=5
2026-09-06 21:49:36.292  VOLUME | 5
2026-09-06 21:49:36.430  CMD VOLUME | 0639243209764041524_000293.cmd | Vol=6
2026-09-06 21:49:36.432  VOLUME | 6
2026-09-06 21:49:36.552  CMD VOLUME | 0639243209765321161_000294.cmd | Vol=7
2026-09-06 21:49:36.553  VOLUME | 7
2026-09-06 21:49:36.710  CMD VOLUME | 0639243209766621751_000295.cmd | Vol=7
2026-09-06 21:49:36.711  VOLUME | 7
2026-09-06 21:49:36.831  CMD VOLUME | 0639243209767901815_000296.cmd | Vol=8
2026-09-06 21:49:36.833  VOLUME | 8
2026-09-06 21:49:37.370  CMD VOLUME | 0639243209773254436_000297.cmd | Vol=7
2026-09-06 21:49:37.372  VOLUME | 7
2026-09-06 21:49:37.753  CMD VOLUME | 0639243209777324891_000298.cmd | Vol=6
2026-09-06 21:49:37.754  VOLUME | 6
2026-09-06 21:49:38.556  CMD VOLUME | 0639243209785362734_000299.cmd | Vol=5
2026-09-06 21:49:38.557  VOLUME | 5
2026-09-06 21:49:40.003  CMD VOLUME | 0639243209799886100_000300.cmd | Vol=4
2026-09-06 21:49:40.004  VOLUME | 4
2026-09-06 21:50:00.428  CMD PLAY | 0639243210004188556_000301.cmd | Vol=4
2026-09-06 21:50:00.434  URL GESETZT | Vol=4 | https://stream.regenbogen.de/hiphop_old/mp3-128/stream.regenbogen.de/
2026-09-06 21:50:00.794  PLAY AUFGERUFEN
2026-09-06 21:50:00.797  WMP STATE 9 = Transitioning
2026-09-06 21:50:01.718  META | Artist= | Title=stream.regenbogen | Name=stream.regenbogen
2026-09-06 21:50:02.409  WMP STATE 3 = Playing
2026-09-06 21:50:02.477  CMD PLAY | 0639243210024757534_000302.cmd | Vol=4
2026-09-06 21:50:02.483  URL GESETZT | Vol=4 | https://stream.kissfm.de/kissfm-hiphop/mp3-192/internetradio
2026-09-06 21:50:02.841  PLAY AUFGERUFEN
2026-09-06 21:50:02.843  WMP STATE 9 = Transitioning
2026-09-06 21:50:04.821  ICY META | CAMRON & JUELZ SANTANA - HEY MA
2026-09-06 21:50:04.822  META | Artist=CAMRON & JUELZ SANTANA | Title=HEY MA | Name=CAMRON & JUELZ SANTANA - HEY MA
2026-09-06 21:50:06.240  WMP STATE 6 = Buffering
2026-09-06 21:50:06.915  WMP STATE 3 = Playing
2026-09-06 21:50:58.458  CMD VOLUME | 0639243210584550329_000303.cmd | Vol=3
2026-09-06 21:50:58.459  VOLUME | 3
2026-09-06 21:50:58.598  CMD VOLUME | 0639243210585965994_000304.cmd | Vol=2
2026-09-06 21:50:58.599  VOLUME | 2
2026-09-06 21:50:58.784  CMD VOLUME | 0639243210587370207_000305.cmd | Vol=2
2026-09-06 21:50:58.785  VOLUME | 2
2026-09-06 21:51:01.330  CMD STOP | 0639243210612816499_000306.cmd | Vol=0
2026-09-06 21:51:01.332  STOP
2026-09-06 21:51:01.335  WMP STATE 1 = Stopped
2026-09-06 21:51:01.824  META | Artist= | Title=KissFM OLD SCHOOL HIPHOP | Name=KissFM OLD SCHOOL HIPHOP
2026-09-06 21:51:14.959  CMD PLAY | 0639243210749266990_000307.cmd | Vol=4
2026-09-06 21:51:14.964  URL GESETZT | Vol=4 | https://stream.kissfm.de/kissfm-hiphop/mp3-192/internetradio
2026-09-06 21:51:15.324  PLAY AUFGERUFEN
2026-09-06 21:51:15.327  WMP STATE 9 = Transitioning
2026-09-06 21:51:16.821  ICY META | CAMRON & JUELZ SANTANA - HEY MA
2026-09-06 21:51:16.822  META | Artist=CAMRON & JUELZ SANTANA | Title=HEY MA | Name=CAMRON & JUELZ SANTANA - HEY MA
2026-09-06 21:51:18.201  WMP STATE 6 = Buffering
2026-09-06 21:51:18.831  WMP STATE 3 = Playing
2026-09-06 21:51:22.487  CMD VOLUME | 0639243210824685655_000308.cmd | Vol=3
2026-09-06 21:51:22.488  VOLUME | 3
2026-09-06 21:51:22.626  CMD VOLUME | 0639243210826011475_000309.cmd | Vol=2
2026-09-06 21:51:22.637  VOLUME | 2
2026-09-06 21:51:22.749  CMD VOLUME | 0639243210827347513_000310.cmd | Vol=2
2026-09-06 21:51:22.750  VOLUME | 2
2026-09-06 21:51:36.473  CMD STOP | 0639243210964591578_000311.cmd | Vol=0
2026-09-06 21:51:36.474  STOP
2026-09-06 21:51:36.477  WMP STATE 1 = Stopped
2026-09-06 21:51:36.690  META | Artist= | Title=KissFM OLD SCHOOL HIPHOP | Name=KissFM OLD SCHOOL HIPHOP
2026-09-06 21:52:15.343  CMD PLAY | 0639243211353359147_000312.cmd | Vol=4
2026-09-06 21:52:15.349  URL GESETZT | Vol=4 | https://stream.kissfm.de/kissfm-hiphop/mp3-192/internetradio
2026-09-06 21:52:15.710  PLAY AUFGERUFEN
2026-09-06 21:52:15.714  WMP STATE 9 = Transitioning
2026-09-06 21:52:17.596  ICY META | HOUSE OF PAIN - JUMP AROUND
2026-09-06 21:52:17.598  META | Artist=HOUSE OF PAIN | Title=JUMP AROUND | Name=HOUSE OF PAIN - JUMP AROUND
2026-09-06 21:52:17.643  CMD STOP | 0639243211368922844_000313.cmd | Vol=0
2026-09-06 21:52:17.644  STOP
2026-09-06 21:52:17.657  WMP STATE 10 = Ready
2026-09-06 21:52:17.659  META | Artist= | Title=internetradio | Name=internetradio
2026-09-06 21:52:18.818  WMP STATE 1 = Stopped
2026-09-06 21:52:19.695  META | Artist= | Title=KissFM OLD SCHOOL HIPHOP | Name=KissFM OLD SCHOOL HIPHOP
2026-09-06 21:52:45.347  CMD PLAY | 0639243211653380861_000314.cmd | Vol=4
2026-09-06 21:52:45.350  URL GESETZT | Vol=4 | https://stream.kissfm.de/kissfm-hiphop/mp3-192/internetradio
2026-09-06 21:52:45.710  PLAY AUFGERUFEN
2026-09-06 21:52:45.712  WMP STATE 9 = Transitioning
2026-09-06 21:52:47.157  ICY META | HOUSE OF PAIN - JUMP AROUND
2026-09-06 21:52:47.158  META | Artist=HOUSE OF PAIN | Title=JUMP AROUND | Name=HOUSE OF PAIN - JUMP AROUND
2026-09-06 21:52:48.444  WMP STATE 6 = Buffering
2026-09-06 21:52:49.137  WMP STATE 3 = Playing
2026-09-06 21:52:53.048  CMD VOLUME | 0639243211730424398_000315.cmd | Vol=3
2026-09-06 21:52:53.049  VOLUME | 3
2026-09-06 21:52:53.202  CMD VOLUME | 0639243211731998083_000316.cmd | Vol=2
2026-09-06 21:52:53.203  VOLUME | 2
2026-09-06 21:52:53.357  CMD VOLUME | 0639243211733554404_000317.cmd | Vol=2
2026-09-06 21:52:53.359  VOLUME | 2
2026-09-06 21:52:53.822  CMD QUIT | 0639243211738127219_000318.cmd | Vol=0
2026-09-06 21:52:53.823  QUIT
2026-09-06 21:52:53.825  WMP STATE 1 = Stopped
2026-09-06 21:52:53.850  PLAY RETRY | State=1
2026-09-06 21:52:54.147  EXTERNAL PLAYER ENDE
2026-09-06 21:53:03.132  EXTERNAL PLAYER V11.2.5 WMP + ICY META START | PID=21280 | Parent=18580 | Apartment=STA
2026-09-06 21:53:03.185  WMP BEREIT
2026-09-06 21:53:03.236  CMD PLAY | 0639243211831016573_000001.cmd | Vol=4
2026-09-06 21:53:03.284  URL GESETZT | Vol=4 | https://wdr-1live-hiphoprnb.icecast.wdr.de/wdr/1live/hiphoprnb/mp3/128/stream.mp3
2026-09-06 21:53:03.656  PLAY AUFGERUFEN
2026-09-06 21:53:03.660  CMD VOLUME | 0639243211831072302_000002.cmd | Vol=4
2026-09-06 21:53:03.662  VOLUME | 4
2026-09-06 21:53:03.678  WMP STATE 9 = Transitioning
2026-09-06 21:53:04.169  ICY META | 1LIVE - R
2026-09-06 21:53:04.179  META | Artist=1LIVE | Title=R | Name=1LIVE - R
2026-09-06 21:53:04.231  CMD VOLUME | 0639243211832178269_000003.cmd | Vol=3
2026-09-06 21:53:04.232  VOLUME | 3
2026-09-06 21:53:04.235  CMD VOLUME | 0639243211834442855_000004.cmd | Vol=2
2026-09-06 21:53:04.236  VOLUME | 2
2026-09-06 21:53:04.239  CMD VOLUME | 0639243211835602922_000005.cmd | Vol=2
2026-09-06 21:53:04.285  VOLUME | 2
2026-09-06 21:53:04.294  WMP STATE 6 = Buffering
2026-09-06 21:53:05.140  CMD VOLUME | 0639243211850920865_000006.cmd | Vol=2
2026-09-06 21:53:05.140  VOLUME | 2
2026-09-06 21:53:05.234  CMD VOLUME | 0639243211852098073_000007.cmd | Vol=2
2026-09-06 21:53:05.235  VOLUME | 2
2026-09-06 21:53:05.371  CMD VOLUME | 0639243211853297130_000008.cmd | Vol=3
2026-09-06 21:53:05.373  VOLUME | 3
2026-09-06 21:53:05.443  WMP STATE 3 = Playing
2026-09-06 21:53:05.479  CMD VOLUME | 0639243211854522877_000009.cmd | Vol=3
2026-09-06 21:53:05.480  VOLUME | 3
2026-09-06 21:53:05.619  CMD VOLUME | 0639243211855705046_000010.cmd | Vol=3
2026-09-06 21:53:05.620  VOLUME | 3
2026-09-06 21:53:05.710  CMD VOLUME | 0639243211856918942_000011.cmd | Vol=4
2026-09-06 21:53:05.712  VOLUME | 4
2026-09-06 21:53:05.815  CMD VOLUME | 0639243211858102308_000012.cmd | Vol=4
2026-09-06 21:53:05.816  VOLUME | 4
2026-09-06 21:53:05.985  CMD VOLUME | 0639243211859513308_000013.cmd | Vol=4
2026-09-06 21:53:05.986  VOLUME | 4
2026-09-06 21:53:06.908  CMD VOLUME | 0639243211869004961_000014.cmd | Vol=3
2026-09-06 21:53:06.909  VOLUME | 3
2026-09-06 21:53:07.048  CMD VOLUME | 0639243211870390262_000015.cmd | Vol=2
2026-09-06 21:53:07.049  VOLUME | 2
2026-09-06 21:53:07.171  CMD VOLUME | 0639243211871688730_000016.cmd | Vol=2
2026-09-06 21:53:07.172  VOLUME | 2
2026-09-06 21:53:30.037  CMD VOLUME | 0639243212100205318_000017.cmd | Vol=2
2026-09-06 21:53:30.046  VOLUME | 2
2026-09-06 21:53:30.187  CMD VOLUME | 0639243212101698269_000018.cmd | Vol=2
2026-09-06 21:53:30.188  VOLUME | 2
2026-09-06 21:53:30.329  CMD VOLUME | 0639243212103107990_000019.cmd | Vol=3
2026-09-06 21:53:30.330  VOLUME | 3
2026-09-06 21:53:30.468  CMD VOLUME | 0639243212104492507_000020.cmd | Vol=3
2026-09-06 21:53:30.469  VOLUME | 3
2026-09-06 21:53:30.606  CMD VOLUME | 0639243212105878483_000021.cmd | Vol=4
2026-09-06 21:53:30.633  VOLUME | 4
2026-09-06 21:53:30.732  CMD VOLUME | 0639243212107282356_000022.cmd | Vol=4
2026-09-06 21:53:30.733  VOLUME | 4
2026-09-06 21:53:30.871  CMD VOLUME | 0639243212108680607_000023.cmd | Vol=4
2026-09-06 21:53:30.872  VOLUME | 4
2026-09-06 21:53:34.019  CMD VOLUME | 0639243212139796949_000024.cmd | Vol=5
2026-09-06 21:53:34.020  VOLUME | 5
2026-09-06 21:53:34.556  CMD VOLUME | 0639243212145500747_000025.cmd | Vol=6
2026-09-06 21:53:34.558  VOLUME | 6
2026-09-06 21:53:39.412  CMD VOLUME | 0639243212193655271_000026.cmd | Vol=5
2026-09-06 21:53:39.414  VOLUME | 5
2026-09-06 21:53:39.519  CMD VOLUME | 0639243212195023436_000027.cmd | Vol=3
2026-09-06 21:53:39.520  VOLUME | 3
2026-09-06 21:53:39.658  CMD VOLUME | 0639243212196400243_000028.cmd | Vol=2
2026-09-06 21:53:39.659  VOLUME | 2
2026-09-06 21:53:44.406  CMD VOLUME | 0639243212243886818_000029.cmd | Vol=3
2026-09-06 21:53:44.407  VOLUME | 3
2026-09-06 21:53:44.730  CMD VOLUME | 0639243212245194030_000030.cmd | Vol=3
2026-09-06 21:53:44.731  VOLUME | 3
2026-09-06 21:53:44.734  CMD VOLUME | 0639243212246475367_000031.cmd | Vol=4
2026-09-06 21:53:44.735  VOLUME | 4
2026-09-06 21:53:44.777  CMD VOLUME | 0639243212247747273_000032.cmd | Vol=5
2026-09-06 21:53:44.778  VOLUME | 5
2026-09-06 21:53:44.915  CMD VOLUME | 0639243212249018415_000033.cmd | Vol=5
2026-09-06 21:53:44.915  VOLUME | 5
2026-09-06 21:53:45.038  CMD VOLUME | 0639243212250292775_000034.cmd | Vol=6
2026-09-06 21:53:45.039  VOLUME | 6
2026-09-06 21:53:45.176  CMD VOLUME | 0639243212251563488_000035.cmd | Vol=6
2026-09-06 21:53:45.177  VOLUME | 6
2026-09-06 21:53:52.132  CMD VOLUME | 0639243212320904815_000036.cmd | Vol=5
2026-09-06 21:53:52.133  VOLUME | 5
2026-09-06 21:53:52.238  CMD VOLUME | 0639243212322158274_000037.cmd | Vol=3
2026-09-06 21:53:52.239  VOLUME | 3
2026-09-06 21:53:52.362  CMD VOLUME | 0639243212323445655_000038.cmd | Vol=2
2026-09-06 21:53:52.363  VOLUME | 2
2026-09-06 21:53:59.884  CMD STOP | 0639243212398732208_000039.cmd | Vol=0
2026-09-06 21:53:59.909  STOP
2026-09-06 21:53:59.911  WMP STATE 1 = Stopped
2026-09-06 21:54:00.654  META | Artist= | Title=1live_hiphoprnb | Name=1live_hiphoprnb
2026-09-06 21:58:06.069  CMD PLAY | 0639243214860604442_000040.cmd | Vol=6
2026-09-06 21:58:06.080  URL GESETZT | Vol=6 | https://wdr-1live-hiphoprnb.icecast.wdr.de/wdr/1live/hiphoprnb/mp3/128/stream.mp3
2026-09-06 21:58:06.433  PLAY AUFGERUFEN
2026-09-06 21:58:06.436  WMP STATE 9 = Transitioning
2026-09-06 21:58:06.876  ICY META | 1LIVE - R
2026-09-06 21:58:06.877  META | Artist=1LIVE | Title=R | Name=1LIVE - R
2026-09-06 21:58:06.920  WMP STATE 6 = Buffering
2026-09-06 21:58:08.010  WMP STATE 3 = Playing
2026-09-06 21:58:13.766  CMD VOLUME | 0639243214937604419_000041.cmd | Vol=5
2026-09-06 21:58:13.768  VOLUME | 5
2026-09-06 21:58:13.920  CMD VOLUME | 0639243214939016439_000042.cmd | Vol=3
2026-09-06 21:58:13.921  VOLUME | 3
2026-09-06 21:58:14.058  CMD VOLUME | 0639243214940430731_000043.cmd | Vol=2
2026-09-06 21:58:14.059  VOLUME | 2
2026-09-06 21:58:16.696  CMD STOP | 0639243214966562895_000044.cmd | Vol=0
2026-09-06 21:58:16.698  STOP
2026-09-06 21:58:16.700  WMP STATE 1 = Stopped
2026-09-06 21:58:17.606  META | Artist= | Title=1live_hiphoprnb | Name=1live_hiphoprnb
2026-09-06 22:00:05.196  CMD PLAY | 0639243216051720756_000045.cmd | Vol=6
2026-09-06 22:00:05.205  URL GESETZT | Vol=6 | https://wdr-1live-hiphoprnb.icecast.wdr.de/wdr/1live/hiphoprnb/mp3/128/stream.mp3
2026-09-06 22:00:05.558  PLAY AUFGERUFEN
2026-09-06 22:00:05.563  WMP STATE 9 = Transitioning
2026-09-06 22:00:05.989  ICY META | 1LIVE - R
2026-09-06 22:00:05.990  META | Artist=1LIVE | Title=R | Name=1LIVE - R
2026-09-06 22:00:06.040  CMD VOLUME | 0639243216052905308_000046.cmd | Vol=5
2026-09-06 22:00:06.041  VOLUME | 5
2026-09-06 22:00:06.045  CMD VOLUME | 0639243216053949055_000047.cmd | Vol=4
2026-09-06 22:00:06.047  VOLUME | 4
2026-09-06 22:00:06.050  CMD VOLUME | 0639243216055007178_000048.cmd | Vol=2
2026-09-06 22:00:06.052  VOLUME | 2
2026-09-06 22:00:06.055  CMD VOLUME | 0639243216056071815_000049.cmd | Vol=2
2026-09-06 22:00:06.081  VOLUME | 2
2026-09-06 22:00:06.087  WMP STATE 6 = Buffering
2026-09-06 22:00:07.336  WMP STATE 3 = Playing
2026-09-06 22:01:45.472  CMD VOLUME | 0639243217054564115_000050.cmd | Vol=3
2026-09-06 22:01:45.473  VOLUME | 3
2026-09-06 22:01:45.610  CMD VOLUME | 0639243217055926814_000051.cmd | Vol=3
2026-09-06 22:01:45.611  VOLUME | 3
2026-09-06 22:01:45.749  CMD VOLUME | 0639243217057287864_000052.cmd | Vol=4
2026-09-06 22:01:45.750  VOLUME | 4
2026-09-06 22:01:45.889  CMD VOLUME | 0639243217058645647_000053.cmd | Vol=5
2026-09-06 22:01:45.890  VOLUME | 5
2026-09-06 22:01:46.029  CMD VOLUME | 0639243217060015403_000054.cmd | Vol=5
2026-09-06 22:01:46.030  VOLUME | 5
2026-09-06 22:01:46.168  CMD VOLUME | 0639243217061379271_000055.cmd | Vol=6
2026-09-06 22:01:46.170  VOLUME | 6
2026-09-06 22:01:46.289  CMD VOLUME | 0639243217062734731_000056.cmd | Vol=6
2026-09-06 22:01:46.290  VOLUME | 6
2026-09-06 22:02:04.340  CMD VOLUME | 0639243217243145150_000057.cmd | Vol=5
2026-09-06 22:02:04.342  VOLUME | 5
2026-09-06 22:02:04.481  CMD VOLUME | 0639243217244402198_000058.cmd | Vol=3
2026-09-06 22:02:04.482  VOLUME | 3
2026-09-06 22:02:04.572  CMD VOLUME | 0639243217245664476_000059.cmd | Vol=2
2026-09-06 22:02:04.573  VOLUME | 2
2026-09-06 22:02:11.805  CMD VOLUME | 0639243217317795410_000060.cmd | Vol=3
2026-09-06 22:02:11.806  VOLUME | 3
2026-09-06 22:02:11.943  CMD VOLUME | 0639243217319167804_000061.cmd | Vol=3
2026-09-06 22:02:11.944  VOLUME | 3
2026-09-06 22:02:12.100  CMD VOLUME | 0639243217320545958_000062.cmd | Vol=4
2026-09-06 22:02:12.101  VOLUME | 4
2026-09-06 22:02:12.221  CMD VOLUME | 0639243217321936691_000063.cmd | Vol=5
2026-09-06 22:02:12.223  VOLUME | 5
2026-09-06 22:02:12.360  CMD VOLUME | 0639243217323339937_000064.cmd | Vol=5
2026-09-06 22:02:12.361  VOLUME | 5
2026-09-06 22:02:12.482  CMD VOLUME | 0639243217324707854_000065.cmd | Vol=6
2026-09-06 22:02:12.483  VOLUME | 6
2026-09-06 22:02:12.620  CMD VOLUME | 0639243217326092199_000066.cmd | Vol=6
2026-09-06 22:02:12.620  VOLUME | 6
2026-09-06 22:02:20.447  CMD VOLUME | 0639243217404404598_000067.cmd | Vol=5
2026-09-06 22:02:20.448  VOLUME | 5
2026-09-06 22:02:20.570  CMD VOLUME | 0639243217405654887_000068.cmd | Vol=3
2026-09-06 22:02:20.570  VOLUME | 3
2026-09-06 22:02:20.706  CMD VOLUME | 0639243217406890906_000069.cmd | Vol=2
2026-09-06 22:02:20.707  VOLUME | 2
2026-09-06 22:02:27.382  CMD VOLUME | 0639243217473605999_000070.cmd | Vol=3
2026-09-06 22:02:27.383  VOLUME | 3
2026-09-06 22:02:27.505  CMD VOLUME | 0639243217475006230_000071.cmd | Vol=4
2026-09-06 22:02:27.506  VOLUME | 4
2026-09-06 22:02:27.629  CMD VOLUME | 0639243217476232754_000072.cmd | Vol=4
2026-09-06 22:02:27.630  VOLUME | 4
2026-09-06 22:02:27.769  CMD VOLUME | 0639243217477634933_000073.cmd | Vol=5
2026-09-06 22:02:27.778  VOLUME | 5
2026-09-06 22:02:27.922  CMD VOLUME | 0639243217479022196_000074.cmd | Vol=5
2026-09-06 22:02:27.923  VOLUME | 5
2026-09-06 22:02:28.061  CMD VOLUME | 0639243217480400536_000075.cmd | Vol=6
2026-09-06 22:02:28.062  VOLUME | 6
2026-09-06 22:02:28.200  CMD VOLUME | 0639243217481775443_000076.cmd | Vol=6
2026-09-06 22:02:28.200  VOLUME | 6
2026-09-06 22:02:54.442  CMD VOLUME | 0639243217744179014_000077.cmd | Vol=5
2026-09-06 22:02:54.444  VOLUME | 5
2026-09-06 22:02:54.565  CMD VOLUME | 0639243217745459743_000078.cmd | Vol=3
2026-09-06 22:02:54.566  VOLUME | 3
2026-09-06 22:02:54.707  CMD VOLUME | 0639243217746770361_000079.cmd | Vol=2
2026-09-06 22:02:54.715  VOLUME | 2
2026-09-06 22:03:06.258  CMD VOLUME | 0639243217862477349_000080.cmd | Vol=3
2026-09-06 22:03:06.260  VOLUME | 3
2026-09-06 22:03:06.425  CMD VOLUME | 0639243217863856858_000081.cmd | Vol=3
2026-09-06 22:03:06.426  VOLUME | 3
2026-09-06 22:03:06.538  CMD VOLUME | 0639243217865246621_000082.cmd | Vol=4
2026-09-06 22:03:06.539  VOLUME | 4
2026-09-06 22:03:06.708  CMD VOLUME | 0639243217866606835_000083.cmd | Vol=5
2026-09-06 22:03:06.709  VOLUME | 5
2026-09-06 22:03:06.814  CMD VOLUME | 0639243217867968750_000084.cmd | Vol=5
2026-09-06 22:03:06.815  VOLUME | 5
2026-09-06 22:03:06.971  CMD VOLUME | 0639243217869333762_000085.cmd | Vol=6
2026-09-06 22:03:06.972  VOLUME | 6
2026-09-06 22:03:07.092  CMD VOLUME | 0639243217870700614_000086.cmd | Vol=6
2026-09-06 22:03:07.093  VOLUME | 6
2026-09-06 22:03:12.101  CMD VOLUME | 0639243217920877212_000087.cmd | Vol=5
2026-09-06 22:03:12.102  VOLUME | 5
2026-09-06 22:03:12.240  CMD VOLUME | 0639243217922269311_000088.cmd | Vol=3
2026-09-06 22:03:12.241  VOLUME | 3
2026-09-06 22:03:12.657  CMD VOLUME | 0639243217923689175_000089.cmd | Vol=2
2026-09-06 22:03:12.668  VOLUME | 2
2026-09-06 22:03:35.278  CMD VOLUME | 0639243218152481542_000090.cmd | Vol=3
2026-09-06 22:03:35.280  VOLUME | 3
2026-09-06 22:03:38.467  CMD VOLUME | 0639243218184438105_000091.cmd | Vol=2
2026-09-06 22:03:38.469  VOLUME | 2
2026-09-06 22:03:40.860  CMD VOLUME | 0639243218208373437_000092.cmd | Vol=3
2026-09-06 22:03:40.860  VOLUME | 3
2026-09-06 22:03:52.163  CMD PLAY | 0639243218321404508_000093.cmd | Vol=3
2026-09-06 22:03:52.168  URL GESETZT | Vol=3 | https://dispatcher.rndfnk.com/hr/youfm/live/mp3/high
2026-09-06 22:03:52.526  PLAY AUFGERUFEN
2026-09-06 22:03:52.528  WMP STATE 9 = Transitioning
2026-09-06 22:03:52.877  ICY META | DASDING Podcast - TNTea - Folge 19
2026-09-06 22:03:52.878  META | Artist=DASDING Podcast | Title=TNTea - Folge 19 | Name=DASDING Podcast - TNTea - Folge 19
2026-09-06 22:03:52.913  WMP STATE 6 = Buffering
2026-09-06 22:03:54.433  WMP STATE 3 = Playing
2026-09-06 22:03:57.418  CMD PLAY | 0639243218374065080_000094.cmd | Vol=3
2026-09-06 22:03:57.423  URL GESETZT | Vol=3 | https://stream.bigfm.de/deutschland/mp3-128/private
2026-09-06 22:03:57.782  PLAY AUFGERUFEN
2026-09-06 22:03:57.784  WMP STATE 9 = Transitioning
2026-09-06 22:03:58.406  META | Artist= | Title=private | Name=private
2026-09-06 22:03:59.099  WMP STATE 3 = Playing
2026-09-06 22:03:59.132  CMD PLAY | 0639243218391042302_000095.cmd | Vol=3
2026-09-06 22:03:59.140  URL GESETZT | Vol=3 | https://27033.live.streamtheworld.com/WQHTFM.mp3
2026-09-06 22:03:59.494  PLAY AUFGERUFEN
2026-09-06 22:03:59.497  WMP STATE 9 = Transitioning
2026-09-06 22:04:00.822  META | Artist= | Title=WQHTFM | Name=WQHTFM
2026-09-06 22:04:00.873  CMD PLAY | 0639243218396355450_000096.cmd | Vol=3
2026-09-06 22:04:01.084  URL GESETZT | Vol=3 | https://media-ssl.musicradio.com/CapitalXTRANationalMP3
2026-09-06 22:04:01.439  PLAY AUFGERUFEN
2026-09-06 22:04:01.442  CMD PLAY | 0639243218399534506_000097.cmd | Vol=3
2026-09-06 22:04:01.656  URL GESETZT | Vol=3 | https://icecast.omroep.nl/funx-bb-mp3
2026-09-06 22:04:02.010  PLAY AUFGERUFEN
2026-09-06 22:04:02.013  CMD PLAY | 0639243218405896642_000098.cmd | Vol=3
2026-09-06 22:04:02.233  URL GESETZT | Vol=3 | https://icecast.radiofrance.fr/fiphiphop-midfi.mp3?id=openapi
2026-09-06 22:04:02.595  PLAY AUFGERUFEN
2026-09-06 22:04:03.278  META | Artist= | Title=fiphiphop-midfi | Name=fiphiphop-midfi
2026-09-06 22:04:03.325  WMP STATE 6 = Buffering
2026-09-06 22:04:03.602  META | Artist= | Title=fiphiphop-midfi.mp3 | Name=fiphiphop-midfi.mp3
2026-09-06 22:04:04.280  WMP STATE 3 = Playing
2026-09-06 22:04:08.041  CMD PLAY | 0639243218480286943_000099.cmd | Vol=3
2026-09-06 22:04:08.046  URL GESETZT | Vol=3 | https://streaming.live365.com/a34724
2026-09-06 22:04:08.404  PLAY AUFGERUFEN
2026-09-06 22:04:08.407  WMP STATE 9 = Transitioning
2026-09-06 22:04:09.778  ICY META | Raekwon - Guillotine (Swordz)
2026-09-06 22:04:09.779  META | Artist=Raekwon | Title=Guillotine (Swordz) | Name=Raekwon - Guillotine (Swordz)
2026-09-06 22:04:10.910  WMP STATE 6 = Buffering
2026-09-06 22:04:11.172  WMP STATE 3 = Playing
2026-09-06 22:04:12.515  CMD PLAY | 0639243218524942157_000100.cmd | Vol=3
2026-09-06 22:04:12.519  URL GESETZT | Vol=3 | http://media-ice.musicradio.com:80/CapitalXTRAReloadedMP3
2026-09-06 22:04:12.880  PLAY AUFGERUFEN
2026-09-06 22:04:12.883  WMP STATE 9 = Transitioning
2026-09-06 22:04:13.026  ICY META | Warren G - Regulate
2026-09-06 22:04:13.027  META | Artist=Warren G | Title=Regulate | Name=Warren G - Regulate
2026-09-06 22:04:13.072  WMP STATE 3 = Playing
2026-09-06 22:04:15.149  CMD PLAY | 0639243218551144407_000101.cmd | Vol=3
2026-09-06 22:04:15.154  URL GESETZT | Vol=3 | https://stream.bigfm.de/oldschoolrap/mp3-128/stream.bigfm.de/
2026-09-06 22:04:15.514  PLAY AUFGERUFEN
2026-09-06 22:04:15.516  WMP STATE 9 = Transitioning
2026-09-06 22:04:16.053  META | Artist= | Title=stream.bigfm | Name=stream.bigfm
2026-09-06 22:04:17.280  WMP STATE 6 = Buffering
2026-09-06 22:04:17.323  WMP STATE 3 = Playing
2026-09-06 22:04:41.940  CMD VOLUME | 0639243218818968123_000102.cmd | Vol=3
2026-09-06 22:04:41.947  VOLUME | 3
2026-09-06 22:04:42.078  CMD VOLUME | 0639243218820336544_000103.cmd | Vol=4
2026-09-06 22:04:42.080  VOLUME | 4
2026-09-06 22:04:42.217  CMD VOLUME | 0639243218821702103_000104.cmd | Vol=5
2026-09-06 22:04:42.218  VOLUME | 5
2026-09-06 22:04:42.347  CMD VOLUME | 0639243218823091370_000105.cmd | Vol=5
2026-09-06 22:04:42.348  VOLUME | 5
2026-09-06 22:04:42.462  CMD VOLUME | 0639243218824452445_000106.cmd | Vol=6
2026-09-06 22:04:42.463  VOLUME | 6
2026-09-06 22:04:42.586  CMD VOLUME | 0639243218825832054_000107.cmd | Vol=7
2026-09-06 22:04:42.587  VOLUME | 7
2026-09-06 22:04:42.725  CMD VOLUME | 0639243218827206525_000108.cmd | Vol=7
2026-09-06 22:04:42.726  VOLUME | 7
2026-09-06 22:05:02.310  CMD VOLUME | 0639243219022701851_000109.cmd | Vol=5
2026-09-06 22:05:02.312  VOLUME | 5
2026-09-06 22:05:02.450  CMD VOLUME | 0639243219024108643_000110.cmd | Vol=3
2026-09-06 22:05:02.453  VOLUME | 3
2026-09-06 22:05:02.589  CMD VOLUME | 0639243219025524760_000111.cmd | Vol=3
2026-09-06 22:05:02.590  VOLUME | 3
2026-09-06 22:05:10.130  CMD VOLUME | 0639243219101195131_000112.cmd | Vol=3
2026-09-06 22:05:10.131  VOLUME | 3
2026-09-06 22:05:10.269  CMD VOLUME | 0639243219102442540_000113.cmd | Vol=4
2026-09-06 22:05:10.270  VOLUME | 4
2026-09-06 22:05:10.392  CMD VOLUME | 0639243219103675100_000114.cmd | Vol=4
2026-09-06 22:05:10.393  VOLUME | 4
2026-09-06 22:05:10.515  CMD VOLUME | 0639243219104928869_000115.cmd | Vol=5
2026-09-06 22:05:10.516  VOLUME | 5
2026-09-06 22:05:10.624  CMD VOLUME | 0639243219106160717_000116.cmd | Vol=6
2026-09-06 22:05:10.625  VOLUME | 6
2026-09-06 22:05:10.797  CMD VOLUME | 0639243219107575987_000117.cmd | Vol=6
2026-09-06 22:05:10.798  VOLUME | 6
2026-09-06 22:05:10.888  CMD VOLUME | 0639243219108828732_000118.cmd | Vol=7
2026-09-06 22:05:10.889  VOLUME | 7
2026-09-06 22:05:11.027  CMD VOLUME | 0639243219110252521_000119.cmd | Vol=7
2026-09-06 22:05:11.027  VOLUME | 7
2026-09-06 22:05:18.635  CMD STOP | 0639243219186074996_000120.cmd | Vol=0
2026-09-06 22:05:18.636  STOP
2026-09-06 22:05:18.638  WMP STATE 1 = Stopped
2026-09-06 22:05:18.714  META | Artist= | Title=stream.bigfm | Name=stream.bigfm
2026-09-06 22:06:11.529  CMD PLAY | 0639243219714936275_000121.cmd | Vol=7
2026-09-06 22:06:11.534  URL GESETZT | Vol=7 | https://stream.bigfm.de/oldschoolrap/mp3-128/stream.bigfm.de/
2026-09-06 22:06:11.894  PLAY AUFGERUFEN
2026-09-06 22:06:11.897  WMP STATE 9 = Transitioning
2026-09-06 22:06:12.650  META | Artist= | Title=stream.bigfm | Name=stream.bigfm
2026-09-06 22:06:13.369  WMP STATE 3 = Playing
2026-09-06 22:06:16.219  CMD PLAY | 0639243219761968954_000122.cmd | Vol=7
2026-09-06 22:06:16.224  URL GESETZT | Vol=7 | https://streams.80s80s.de/hiphop/mp3-128/streams.80s80s.de/
2026-09-06 22:06:16.581  PLAY AUFGERUFEN
2026-09-06 22:06:16.598  WMP STATE 9 = Transitioning
2026-09-06 22:06:17.204  META | Artist= | Title=streams.80s80s | Name=streams.80s80s
2026-09-06 22:06:17.714  WMP STATE 6 = Buffering
2026-09-06 22:06:17.756  WMP STATE 3 = Playing
2026-09-06 22:07:29.593  CMD VOLUME | 0639243220495875832_000123.cmd | Vol=5
2026-09-06 22:07:29.594  VOLUME | 5
2026-09-06 22:07:29.747  CMD VOLUME | 0639243220497333629_000124.cmd | Vol=3
2026-09-06 22:07:29.748  VOLUME | 3
2026-09-06 22:07:30.166  CMD VOLUME | 0639243220498576815_000125.cmd | Vol=3
2026-09-06 22:07:30.168  VOLUME | 3
2026-09-06 22:07:33.004  CMD VOLUME | 0639243220529658291_000126.cmd | Vol=3
2026-09-06 22:07:33.005  VOLUME | 3
2026-09-06 22:07:33.146  CMD VOLUME | 0639243220530988351_000127.cmd | Vol=4
2026-09-06 22:07:33.148  VOLUME | 4
2026-09-06 22:07:33.236  CMD VOLUME | 0639243220532323866_000128.cmd | Vol=5
2026-09-06 22:07:33.237  VOLUME | 5
2026-09-06 22:07:33.374  CMD VOLUME | 0639243220533654441_000129.cmd | Vol=5
2026-09-06 22:07:33.375  VOLUME | 5
2026-09-06 22:07:33.547  CMD VOLUME | 0639243220535001118_000130.cmd | Vol=6
2026-09-06 22:07:33.548  VOLUME | 6
2026-09-06 22:07:33.638  CMD VOLUME | 0639243220536345464_000131.cmd | Vol=7
2026-09-06 22:07:33.662  VOLUME | 7
2026-09-06 22:07:33.794  CMD VOLUME | 0639243220537687159_000132.cmd | Vol=7
2026-09-06 22:07:33.795  VOLUME | 7
2026-09-06 22:07:52.119  CMD VOLUME | 0639243220720788692_000133.cmd | Vol=6
2026-09-06 22:07:52.121  VOLUME | 6
2026-09-06 22:07:54.936  CMD VOLUME | 0639243220749170097_000134.cmd | Vol=5
2026-09-06 22:07:54.937  VOLUME | 5
2026-09-06 22:07:55.662  CMD VOLUME | 0639243220756443257_000135.cmd | Vol=4
2026-09-06 22:07:55.663  VOLUME | 4
2026-09-06 22:08:08.003  CMD STOP | 0639243220879762251_000136.cmd | Vol=0
2026-09-06 22:08:08.004  STOP
2026-09-06 22:08:08.006  WMP STATE 1 = Stopped
2026-09-06 22:08:08.759  META | Artist= | Title=streams.80s80s | Name=streams.80s80s
2026-09-06 22:08:49.554  CMD PLAY | 0639243221295345168_000137.cmd | Vol=4
2026-09-06 22:08:49.585  URL GESETZT | Vol=4 | https://streams.80s80s.de/hiphop/mp3-128/streams.80s80s.de/
2026-09-06 22:08:49.949  PLAY AUFGERUFEN
2026-09-06 22:08:49.951  WMP STATE 9 = Transitioning
2026-09-06 22:08:51.277  META | Artist= | Title=streams.80s80s | Name=streams.80s80s
2026-09-06 22:08:51.330  WMP STATE 6 = Buffering
2026-09-06 22:08:52.021  WMP STATE 3 = Playing
2026-09-06 22:09:24.812  CMD VOLUME | 0639243221647895256_000138.cmd | Vol=3
2026-09-06 22:09:24.813  VOLUME | 3
2026-09-06 22:09:27.604  CMD VOLUME | 0639243221675949864_000139.cmd | Vol=2
2026-09-06 22:09:27.605  VOLUME | 2
2026-09-06 22:09:27.743  CMD VOLUME | 0639243221677224292_000140.cmd | Vol=2
2026-09-06 22:09:27.743  VOLUME | 2
2026-09-06 22:09:27.868  CMD VOLUME | 0639243221678509986_000141.cmd | Vol=1
2026-09-06 22:09:27.869  VOLUME | 1
2026-09-06 22:09:31.595  CMD VOLUME | 0639243221711844623_000142.cmd | Vol=1
2026-09-06 22:09:31.596  VOLUME | 1
2026-09-06 22:09:31.599  CMD VOLUME | 0639243221713157764_000143.cmd | Vol=2
2026-09-06 22:09:31.600  VOLUME | 2
2026-09-06 22:09:31.603  CMD VOLUME | 0639243221714464954_000144.cmd | Vol=2
2026-09-06 22:09:31.604  VOLUME | 2
2026-09-06 22:09:31.608  CMD VOLUME | 0639243221715741982_000145.cmd | Vol=2
2026-09-06 22:09:31.609  VOLUME | 2
2026-09-06 22:09:31.750  CMD VOLUME | 0639243221717069265_000146.cmd | Vol=3
2026-09-06 22:09:31.753  VOLUME | 3
2026-09-06 22:09:31.857  CMD VOLUME | 0639243221718368734_000147.cmd | Vol=3
2026-09-06 22:09:31.858  VOLUME | 3
2026-09-06 22:09:31.967  CMD VOLUME | 0639243221719651236_000148.cmd | Vol=3
2026-09-06 22:09:31.968  VOLUME | 3
2026-09-06 22:09:38.415  CMD STOP | 0639243221783965684_000149.cmd | Vol=0
2026-09-06 22:09:38.419  STOP
2026-09-06 22:09:38.430  WMP STATE 1 = Stopped
2026-09-06 22:09:39.136  META | Artist= | Title=streams.80s80s | Name=streams.80s80s
2026-09-06 22:10:11.035  PARENT NICHT MEHR AKTIV - ENDE
2026-09-06 22:10:11.256  EXTERNAL PLAYER ENDE
2026-09-06 22:23:45.408  EXTERNAL PLAYER V11.2.5 WMP + ICY META START | PID=19700 | Parent=2300 | Apartment=STA
2026-09-06 22:23:45.461  WMP BEREIT
2026-09-06 22:23:45.502  WMP STATE 0 = Undefined
2026-09-06 22:26:02.210  CMD PLAY | 0639243231621566210_000001.cmd | Vol=3
2026-09-06 22:26:02.255  URL GESETZT | Vol=3 | https://wdr-1live-hiphoprnb.icecast.wdr.de/wdr/1live/hiphoprnb/mp3/128/stream.mp3
2026-09-06 22:26:02.623  PLAY AUFGERUFEN
2026-09-06 22:26:02.628  WMP STATE 9 = Transitioning
2026-09-06 22:26:03.176  ICY META | 1LIVE - R
2026-09-06 22:26:03.184  META | Artist=1LIVE | Title=R | Name=1LIVE - R
2026-09-06 22:26:03.237  WMP STATE 6 = Buffering
2026-09-06 22:26:04.462  WMP STATE 3 = Playing
2026-09-06 22:26:27.370  CMD VOLUME | 0639243231872863812_000002.cmd | Vol=4
2026-09-06 22:26:27.371  VOLUME | 4
2026-09-06 22:26:27.938  CMD VOLUME | 0639243231879198981_000003.cmd | Vol=5
2026-09-06 22:26:27.939  VOLUME | 5
2026-09-06 22:26:28.495  CMD VOLUME | 0639243231884493674_000004.cmd | Vol=6
2026-09-06 22:26:28.497  VOLUME | 6
2026-09-06 22:26:29.308  CMD VOLUME | 0639243231892870114_000005.cmd | Vol=7
2026-09-06 22:26:29.309  VOLUME | 7
2026-09-06 22:26:30.020  CMD VOLUME | 0639243231900169703_000006.cmd | Vol=8
2026-09-06 22:26:30.021  VOLUME | 8
2026-09-06 22:26:51.694  CMD STOP | 0639243232115903213_000007.cmd | Vol=0
2026-09-06 22:26:51.696  STOP
2026-09-06 22:26:51.698  WMP STATE 1 = Stopped
2026-09-06 22:26:52.418  META | Artist= | Title=1live_hiphoprnb | Name=1live_hiphoprnb
2026-09-06 22:27:00.558  CMD PLAY | 0639243232205390459_000008.cmd | Vol=8
2026-09-06 22:27:00.567  URL GESETZT | Vol=8 | https://wdr-1live-hiphoprnb.icecast.wdr.de/wdr/1live/hiphoprnb/mp3/128/stream.mp3
2026-09-06 22:27:00.921  PLAY AUFGERUFEN
2026-09-06 22:27:00.925  WMP STATE 6 = Buffering
2026-09-06 22:27:01.271  ICY META | 1LIVE - R
2026-09-06 22:27:01.272  META | Artist=1LIVE | Title=R | Name=1LIVE - R
2026-09-06 22:27:01.329  CMD VOLUME | 0639243232206470860_000009.cmd | Vol=7
2026-09-06 22:27:01.330  VOLUME | 7
2026-09-06 22:27:01.335  CMD VOLUME | 0639243232207672024_000010.cmd | Vol=5
2026-09-06 22:27:01.353  VOLUME | 5
2026-09-06 22:27:01.358  CMD VOLUME | 0639243232208882655_000011.cmd | Vol=3
2026-09-06 22:27:01.359  VOLUME | 3
2026-09-06 22:27:01.362  CMD VOLUME | 0639243232210046965_000012.cmd | Vol=3
2026-09-06 22:27:01.363  VOLUME | 3
2026-09-06 22:27:02.511  WMP STATE 3 = Playing
2026-09-06 22:27:05.539  CMD VOLUME | 0639243232255081278_000013.cmd | Vol=4
2026-09-06 22:27:05.541  VOLUME | 4
2026-09-06 22:27:05.692  CMD VOLUME | 0639243232256481824_000014.cmd | Vol=5
2026-09-06 22:27:05.701  VOLUME | 5
2026-09-06 22:27:05.815  CMD VOLUME | 0639243232257834368_000015.cmd | Vol=6
2026-09-06 22:27:05.816  VOLUME | 6
2026-09-06 22:27:05.923  CMD VOLUME | 0639243232259188759_000016.cmd | Vol=6
2026-09-06 22:27:05.924  VOLUME | 6
2026-09-06 22:27:06.094  CMD VOLUME | 0639243232260510873_000017.cmd | Vol=7
2026-09-06 22:27:06.095  VOLUME | 7
2026-09-06 22:27:06.187  CMD VOLUME | 0639243232261841874_000018.cmd | Vol=8
2026-09-06 22:27:06.188  VOLUME | 8
2026-09-06 22:27:06.324  CMD VOLUME | 0639243232263181035_000019.cmd | Vol=8
2026-09-06 22:27:06.325  VOLUME | 8
2026-09-06 22:27:28.018  CMD VOLUME | 0639243232480152844_000020.cmd | Vol=6
2026-09-06 22:27:28.019  VOLUME | 6
2026-09-06 22:27:28.155  CMD VOLUME | 0639243232481521719_000021.cmd | Vol=4
2026-09-06 22:27:28.156  VOLUME | 4
2026-09-06 22:27:28.294  CMD VOLUME | 0639243232482896280_000022.cmd | Vol=3
2026-09-06 22:27:28.295  VOLUME | 3
2026-09-06 22:27:31.796  CMD VOLUME | 0639243232517579500_000023.cmd | Vol=4
2026-09-06 22:27:31.798  VOLUME | 4
2026-09-06 22:27:31.936  CMD VOLUME | 0639243232518984785_000024.cmd | Vol=5
2026-09-06 22:27:31.937  VOLUME | 5
2026-09-06 22:27:32.075  CMD VOLUME | 0639243232520385309_000025.cmd | Vol=5
2026-09-06 22:27:32.076  VOLUME | 5
2026-09-06 22:27:32.197  CMD VOLUME | 0639243232521801569_000026.cmd | Vol=6
2026-09-06 22:27:32.198  VOLUME | 6
2026-09-06 22:27:32.334  CMD VOLUME | 0639243232523187920_000027.cmd | Vol=7
2026-09-06 22:27:32.335  VOLUME | 7
2026-09-06 22:27:32.460  CMD VOLUME | 0639243232524574301_000028.cmd | Vol=8
2026-09-06 22:27:32.461  VOLUME | 8
2026-09-06 22:27:32.630  CMD VOLUME | 0639243232525954075_000029.cmd | Vol=8
2026-09-06 22:27:32.631  VOLUME | 8
2026-09-06 22:27:42.388  CMD VOLUME | 0639243232623741795_000030.cmd | Vol=7
2026-09-06 22:27:42.389  VOLUME | 7
2026-09-06 22:27:42.525  CMD VOLUME | 0639243232625186714_000031.cmd | Vol=4
2026-09-06 22:27:42.526  VOLUME | 4
2026-09-06 22:27:42.666  CMD VOLUME | 0639243232626639362_000032.cmd | Vol=3
2026-09-06 22:27:42.667  VOLUME | 3
2026-09-06 22:28:26.302  CMD VOLUME | 0639243233062826866_000033.cmd | Vol=4
2026-09-06 22:28:26.303  VOLUME | 4
2026-09-06 22:28:26.426  CMD VOLUME | 0639243233064151081_000034.cmd | Vol=5
2026-09-06 22:28:26.427  VOLUME | 5
2026-09-06 22:28:26.564  CMD VOLUME | 0639243233065454147_000035.cmd | Vol=5
2026-09-06 22:28:26.565  VOLUME | 5
2026-09-06 22:28:26.688  CMD VOLUME | 0639243233066755822_000036.cmd | Vol=6
2026-09-06 22:28:26.689  VOLUME | 6
2026-09-06 22:28:26.827  CMD VOLUME | 0639243233068055020_000037.cmd | Vol=7
2026-09-06 22:28:26.828  VOLUME | 7
2026-09-06 22:28:26.951  CMD VOLUME | 0639243233069367288_000038.cmd | Vol=8
2026-09-06 22:28:26.952  VOLUME | 8
2026-09-06 22:28:27.078  CMD VOLUME | 0639243233070688766_000039.cmd | Vol=8
2026-09-06 22:28:27.079  VOLUME | 8
2026-09-06 22:28:53.917  CMD STOP | 0639243233338769228_000040.cmd | Vol=0
2026-09-06 22:28:53.918  STOP
2026-09-06 22:28:53.920  WMP STATE 1 = Stopped
2026-09-06 22:28:53.921  META | Artist= | Title=1live_hiphoprnb | Name=1live_hiphoprnb
2026-09-06 22:33:25.048  CMD PLAY | 0639243236050181876_000041.cmd | Vol=8
2026-09-06 22:33:25.059  URL GESETZT | Vol=8 | https://wdr-1live-hiphoprnb.icecast.wdr.de/wdr/1live/hiphoprnb/mp3/128/stream.mp3
2026-09-06 22:33:25.413  PLAY AUFGERUFEN
2026-09-06 22:33:25.416  WMP STATE 9 = Transitioning
2026-09-06 22:33:25.875  ICY META | 1LIVE - R
2026-09-06 22:33:25.876  META | Artist=1LIVE | Title=R | Name=1LIVE - R
2026-09-06 22:33:25.914  WMP STATE 6 = Buffering
2026-09-06 22:33:27.256  WMP STATE 3 = Playing
2026-09-06 22:34:30.430  PARENT NICHT MEHR AKTIV - ENDE
2026-09-06 22:34:30.691  EXTERNAL PLAYER ENDE
2026-09-06 22:36:27.624  EXTERNAL PLAYER V11.2.5 WMP + ICY META START | PID=25364 | Parent=8360 | Apartment=STA
2026-09-06 22:36:27.684  WMP BEREIT
2026-09-06 22:36:27.721  WMP STATE 0 = Undefined
2026-09-06 22:36:50.733  CMD PLAY | 0639243238106533910_000001.cmd | Vol=8
2026-09-06 22:36:50.778  URL GESETZT | Vol=8 | https://wdr-1live-hiphoprnb.icecast.wdr.de/wdr/1live/hiphoprnb/mp3/128/stream.mp3
2026-09-06 22:36:51.143  PLAY AUFGERUFEN
2026-09-06 22:36:51.147  WMP STATE 9 = Transitioning
2026-09-06 22:36:51.728  ICY META | 1LIVE - R
2026-09-06 22:36:51.735  META | Artist=1LIVE | Title=R | Name=1LIVE - R
2026-09-06 22:36:51.781  WMP STATE 6 = Buffering
2026-09-06 22:36:52.864  WMP STATE 3 = Playing
2026-09-06 22:37:06.155  CMD VOLUME | 0639243238261182281_000002.cmd | Vol=6
2026-09-06 22:37:06.156  VOLUME | 6
2026-09-06 22:37:06.271  CMD VOLUME | 0639243238262679791_000003.cmd | Vol=4
2026-09-06 22:37:06.271  VOLUME | 4
2026-09-06 22:37:06.417  CMD VOLUME | 0639243238263956431_000004.cmd | Vol=3
2026-09-06 22:37:06.418  VOLUME | 3
2026-09-06 22:37:12.755  CMD PLAY | 0639243238327491421_000005.cmd | Vol=8
2026-09-06 22:37:12.759  URL GESETZT | Vol=8 | https://stream.kissfm.de/kissfm-hiphop/mp3-192/internetradio
2026-09-06 22:37:13.121  PLAY AUFGERUFEN
2026-09-06 22:37:13.124  CMD VOLUME | 0639243238327510664_000006.cmd | Vol=8
2026-09-06 22:37:13.125  VOLUME | 8
2026-09-06 22:37:13.128  WMP STATE 9 = Transitioning
2026-09-06 22:37:15.005  ICY META | FOXY BROWN FEAT. LOON & N.O.R.E. - STYLIN RMX
2026-09-06 22:37:15.007  META | Artist=FOXY BROWN FEAT. LOON & N.O.R.E. | Title=STYLIN RMX | Name=FOXY BROWN FEAT. LOON & N.O.R.E. - STYLIN RMX
2026-09-06 22:37:15.055  CMD VOLUME | 0639243238328979992_000007.cmd | Vol=6
2026-09-06 22:37:15.056  VOLUME | 6
2026-09-06 22:37:15.060  CMD VOLUME | 0639243238330359179_000008.cmd | Vol=4
2026-09-06 22:37:15.061  VOLUME | 4
2026-09-06 22:37:15.066  CMD VOLUME | 0639243238331812955_000009.cmd | Vol=3
2026-09-06 22:37:15.080  VOLUME | 3
2026-09-06 22:37:15.085  CMD VOLUME | 0639243238333474277_000010.cmd | Vol=4
2026-09-06 22:37:15.086  VOLUME | 4
2026-09-06 22:37:15.089  CMD VOLUME | 0639243238334911094_000011.cmd | Vol=5
2026-09-06 22:37:15.091  VOLUME | 5
2026-09-06 22:37:15.094  CMD VOLUME | 0639243238336186327_000012.cmd | Vol=6
2026-09-06 22:37:15.095  VOLUME | 6
2026-09-06 22:37:15.097  CMD VOLUME | 0639243238337670627_000013.cmd | Vol=7
2026-09-06 22:37:15.098  VOLUME | 7
2026-09-06 22:37:15.101  CMD VOLUME | 0639243238338928868_000014.cmd | Vol=7
2026-09-06 22:37:15.102  VOLUME | 7
2026-09-06 22:37:15.105  CMD VOLUME | 0639243238340414205_000015.cmd | Vol=8
2026-09-06 22:37:15.107  VOLUME | 8
2026-09-06 22:37:15.111  CMD VOLUME | 0639243238341673092_000016.cmd | Vol=8
2026-09-06 22:37:15.111  VOLUME | 8
2026-09-06 22:37:16.844  WMP STATE 6 = Buffering
2026-09-06 22:37:17.531  WMP STATE 3 = Playing
2026-09-06 22:37:20.003  CMD VOLUME | 0639243238399755015_000017.cmd | Vol=7
2026-09-06 22:37:20.005  VOLUME | 7
2026-09-06 22:37:20.432  CMD VOLUME | 0639243238404171431_000018.cmd | Vol=6
2026-09-06 22:37:20.433  VOLUME | 6
2026-09-06 22:37:44.548  CMD VOLUME | 0639243238645328062_000019.cmd | Vol=4
2026-09-06 22:37:44.549  VOLUME | 4
2026-09-06 22:37:44.682  CMD VOLUME | 0639243238646605755_000020.cmd | Vol=3
2026-09-06 22:37:44.708  VOLUME | 3
2026-09-06 22:37:44.806  CMD VOLUME | 0639243238647837453_000021.cmd | Vol=2
2026-09-06 22:37:44.807  VOLUME | 2
2026-09-06 22:37:48.597  CMD VOLUME | 0639243238685544313_000022.cmd | Vol=2
2026-09-06 22:37:48.598  VOLUME | 2
2026-09-06 22:37:48.718  CMD VOLUME | 0639243238686939091_000023.cmd | Vol=3
2026-09-06 22:37:48.718  VOLUME | 3
2026-09-06 22:37:48.875  CMD VOLUME | 0639243238688329121_000024.cmd | Vol=4
2026-09-06 22:37:48.877  VOLUME | 4
2026-09-06 22:37:49.013  CMD VOLUME | 0639243238689710944_000025.cmd | Vol=4
2026-09-06 22:37:49.014  VOLUME | 4
2026-09-06 22:37:49.153  CMD VOLUME | 0639243238691103797_000026.cmd | Vol=5
2026-09-06 22:37:49.155  VOLUME | 5
2026-09-06 22:37:49.274  CMD VOLUME | 0639243238692488745_000027.cmd | Vol=5
2026-09-06 22:37:49.274  VOLUME | 5
2026-09-06 22:37:49.412  CMD VOLUME | 0639243238693861802_000028.cmd | Vol=6
2026-09-06 22:37:49.414  VOLUME | 6
2026-09-06 22:38:25.193  CMD VOLUME | 0639243239051916060_000029.cmd | Vol=4
2026-09-06 22:38:25.194  VOLUME | 4
2026-09-06 22:38:25.331  CMD VOLUME | 0639243239053266316_000030.cmd | Vol=3
2026-09-06 22:38:25.331  VOLUME | 3
2026-09-06 22:38:25.471  CMD VOLUME | 0639243239054679240_000031.cmd | Vol=2
2026-09-06 22:38:25.472  VOLUME | 2
2026-09-06 22:38:29.428  CMD VOLUME | 0639243239094024452_000032.cmd | Vol=2
2026-09-06 22:38:29.429  VOLUME | 2
2026-09-06 22:38:29.551  CMD VOLUME | 0639243239095441529_000033.cmd | Vol=3
2026-09-06 22:38:29.551  VOLUME | 3
2026-09-06 22:38:29.704  CMD VOLUME | 0639243239096831969_000034.cmd | Vol=4
2026-09-06 22:38:29.705  VOLUME | 4
2026-09-06 22:38:29.843  CMD VOLUME | 0639243239098209003_000035.cmd | Vol=4
2026-09-06 22:38:29.855  VOLUME | 4
2026-09-06 22:38:29.981  CMD VOLUME | 0639243239099583920_000036.cmd | Vol=5
2026-09-06 22:38:29.992  VOLUME | 5
2026-09-06 22:38:31.940  CMD VOLUME | 0639243239100978935_000037.cmd | Vol=5
2026-09-06 22:38:31.941  VOLUME | 5
2026-09-06 22:38:31.943  CMD VOLUME | 0639243239102336433_000038.cmd | Vol=6
2026-09-06 22:38:31.945  VOLUME | 6
2026-09-06 22:38:31.949  CMD STOP | 0639243239111584973_000039.cmd | Vol=0
2026-09-06 22:38:31.950  STOP
2026-09-06 22:38:31.953  WMP STATE 1 = Stopped
2026-09-06 22:38:31.955  META | Artist= | Title=KissFM OLD SCHOOL HIPHOP | Name=KissFM OLD SCHOOL HIPHOP
2026-09-06 22:38:41.372  CMD PLAY | 0639243239213252622_000040.cmd | Vol=6
2026-09-06 22:38:41.378  URL GESETZT | Vol=6 | https://stream.kissfm.de/kissfm-hiphop/mp3-192/internetradio
2026-09-06 22:38:41.737  PLAY AUFGERUFEN
2026-09-06 22:38:41.740  CMD VOLUME | 0639243239213267872_000041.cmd | Vol=3
2026-09-06 22:38:41.741  VOLUME | 3
2026-09-06 22:38:41.743  WMP STATE 9 = Transitioning
2026-09-06 22:38:43.546  META | Artist= | Title=internetradio | Name=internetradio
2026-09-06 22:38:43.596  CMD VOLUME | 0639243239214386215_000042.cmd | Vol=2
2026-09-06 22:38:43.597  VOLUME | 2
2026-09-06 22:38:44.759  WMP STATE 6 = Buffering
2026-09-06 22:38:45.486  WMP STATE 3 = Playing
2026-09-06 22:38:45.656  META | Artist= | Title=KissFM OLD SCHOOL HIPHOP | Name=KissFM OLD SCHOOL HIPHOP
2026-09-06 22:41:03.587  CMD VOLUME | 0639243240626161675_000043.cmd | Vol=3
2026-09-06 22:41:03.588  VOLUME | 3
2026-09-06 22:41:03.591  CMD VOLUME | 0639243240627404361_000044.cmd | Vol=3
2026-09-06 22:41:03.612  VOLUME | 3
2026-09-06 22:41:03.616  CMD VOLUME | 0639243240628639065_000045.cmd | Vol=4
2026-09-06 22:41:03.617  VOLUME | 4
2026-09-06 22:41:03.620  CMD VOLUME | 0639243240629884955_000046.cmd | Vol=4
2026-09-06 22:41:03.621  VOLUME | 4
2026-09-06 22:41:03.625  CMD VOLUME | 0639243240631146729_000047.cmd | Vol=5
2026-09-06 22:41:03.626  VOLUME | 5
2026-09-06 22:41:03.631  CMD VOLUME | 0639243240632432273_000048.cmd | Vol=6
2026-09-06 22:41:03.631  VOLUME | 6
2026-09-06 22:41:03.635  CMD VOLUME | 0639243240633730602_000049.cmd | Vol=6
2026-09-06 22:41:03.635  VOLUME | 6
2026-09-06 22:41:30.208  CMD STOP | 0639243240901699270_000050.cmd | Vol=0
2026-09-06 22:41:30.209  STOP
2026-09-06 22:41:30.211  WMP STATE 1 = Stopped
2026-09-06 22:41:31.070  META | Artist= | Title=KissFM OLD SCHOOL HIPHOP | Name=KissFM OLD SCHOOL HIPHOP
2026-09-06 22:43:01.605  CMD PLAY | 0639243241815803563_000051.cmd | Vol=6
2026-09-06 22:43:01.611  URL GESETZT | Vol=6 | https://stream.kissfm.de/kissfm-hiphop/mp3-192/internetradio
2026-09-06 22:43:01.967  PLAY AUFGERUFEN
2026-09-06 22:43:01.971  CMD VOLUME | 0639243241815819470_000052.cmd | Vol=3
2026-09-06 22:43:01.982  VOLUME | 3
2026-09-06 22:43:01.986  WMP STATE 9 = Transitioning
2026-09-06 22:43:03.882  ICY META | MASTER P - OOOH WEE
2026-09-06 22:43:03.883  META | Artist=MASTER P | Title=OOOH WEE | Name=MASTER P - OOOH WEE
2026-09-06 22:43:03.929  CMD VOLUME | 0639243241816996418_000053.cmd | Vol=2
2026-09-06 22:43:03.930  VOLUME | 2
2026-09-06 22:43:05.256  WMP STATE 6 = Buffering
2026-09-06 22:43:05.888  CMD VOLUME | 0639243241858650669_000054.cmd | Vol=2
2026-09-06 22:43:05.889  VOLUME | 2
2026-09-06 22:43:05.979  WMP STATE 3 = Playing
2026-09-06 22:43:06.025  CMD VOLUME | 0639243241859872921_000055.cmd | Vol=3
2026-09-06 22:43:06.027  VOLUME | 3
2026-09-06 22:43:06.118  CMD VOLUME | 0639243241861105961_000056.cmd | Vol=3
2026-09-06 22:43:06.144  VOLUME | 3
2026-09-06 22:43:06.256  CMD VOLUME | 0639243241862382973_000057.cmd | Vol=4
2026-09-06 22:43:06.257  VOLUME | 4
2026-09-06 22:43:06.397  CMD VOLUME | 0639243241863679389_000058.cmd | Vol=4
2026-09-06 22:43:06.398  VOLUME | 4
2026-09-06 22:43:06.517  CMD VOLUME | 0639243241865009157_000059.cmd | Vol=5
2026-09-06 22:43:06.519  VOLUME | 5
2026-09-06 22:43:06.641  CMD VOLUME | 0639243241866320477_000060.cmd | Vol=6
2026-09-06 22:43:06.642  VOLUME | 6
2026-09-06 22:43:06.780  CMD VOLUME | 0639243241867592303_000061.cmd | Vol=6
2026-09-06 22:43:06.780  VOLUME | 6
2026-09-06 22:43:09.816  CMD VOLUME | 0639243241898067095_000062.cmd | Vol=5
2026-09-06 22:43:09.825  VOLUME | 5
2026-09-06 22:43:11.589  CMD VOLUME | 0639243241902565457_000063.cmd | Vol=4
2026-09-06 22:43:11.591  VOLUME | 4
2026-09-06 22:43:11.594  CMD VOLUME | 0639243241908401857_000064.cmd | Vol=3
2026-09-06 22:43:11.596  VOLUME | 3
2026-09-06 22:43:11.601  CMD VOLUME | 0639243241912639400_000065.cmd | Vol=2
2026-09-06 22:43:11.614  VOLUME | 2
2026-09-06 22:43:11.742  CMD VOLUME | 0639243241917027028_000066.cmd | Vol=2
2026-09-06 22:43:11.743  VOLUME | 2
2026-09-06 22:43:11.847  CMD VOLUME | 0639243241918413292_000067.cmd | Vol=1
2026-09-06 22:43:11.848  VOLUME | 1
2026-09-06 22:43:11.850  CMD VOLUME | 0639243241918428393_000068.cmd | Vol=1
2026-09-06 22:43:11.851  VOLUME | 1
2026-09-06 22:43:12.037  CMD VOLUME | 0639243241920027298_000069.cmd | Vol=1
2026-09-06 22:43:12.038  VOLUME | 1
2026-09-06 22:44:12.247  CMD VOLUME | 0639243242511603588_000070.cmd | Vol=1
2026-09-06 22:44:12.249  VOLUME | 1
2026-09-06 22:44:12.254  CMD VOLUME | 0639243242513066057_000071.cmd | Vol=1
2026-09-06 22:44:12.255  VOLUME | 1
2026-09-06 22:44:12.258  CMD VOLUME | 0639243242514519043_000072.cmd | Vol=2
2026-09-06 22:44:12.259  VOLUME | 2
2026-09-06 22:44:12.262  CMD VOLUME | 0639243242515962979_000073.cmd | Vol=2
2026-09-06 22:44:12.263  VOLUME | 2
2026-09-06 22:44:12.265  CMD VOLUME | 0639243242517426920_000074.cmd | Vol=2
2026-09-06 22:44:12.266  VOLUME | 2
2026-09-06 22:44:12.269  CMD VOLUME | 0639243242518670286_000075.cmd | Vol=2
2026-09-06 22:44:12.270  VOLUME | 2
2026-09-06 22:44:12.273  CMD VOLUME | 0639243242520105231_000076.cmd | Vol=2
2026-09-06 22:44:12.274  VOLUME | 2
2026-09-06 22:44:39.887  CMD VOLUME | 0639243242798777719_000077.cmd | Vol=2
2026-09-06 22:44:39.887  VOLUME | 2
2026-09-06 22:44:40.017  CMD VOLUME | 0639243242800138740_000078.cmd | Vol=1
2026-09-06 22:44:40.019  VOLUME | 1
2026-09-06 22:44:40.190  CMD VOLUME | 0639243242801501574_000079.cmd | Vol=1
2026-09-06 22:44:40.191  VOLUME | 1
2026-09-06 22:44:46.284  CMD VOLUME | 0639243242862619314_000080.cmd | Vol=1
2026-09-06 22:44:46.285  VOLUME | 1
2026-09-06 22:44:46.423  CMD VOLUME | 0639243242864014532_000081.cmd | Vol=1
2026-09-06 22:44:46.424  VOLUME | 1
2026-09-06 22:44:46.581  CMD VOLUME | 0639243242865393940_000082.cmd | Vol=2
2026-09-06 22:44:46.584  VOLUME | 2
2026-09-06 22:44:46.703  CMD VOLUME | 0639243242866797725_000083.cmd | Vol=2
2026-09-06 22:44:46.703  VOLUME | 2
2026-09-06 22:44:46.861  CMD VOLUME | 0639243242868180350_000084.cmd | Vol=2
2026-09-06 22:44:46.862  VOLUME | 2
2026-09-06 22:44:46.965  CMD VOLUME | 0639243242869584679_000085.cmd | Vol=2
2026-09-06 22:44:46.966  VOLUME | 2
2026-09-06 22:44:47.104  CMD VOLUME | 0639243242870961933_000086.cmd | Vol=2
2026-09-06 22:44:47.104  VOLUME | 2
2026-09-06 22:44:49.786  CMD VOLUME | 0639243242897838257_000087.cmd | Vol=2
2026-09-06 22:44:49.787  VOLUME | 2
2026-09-06 22:44:49.926  CMD VOLUME | 0639243242899239823_000088.cmd | Vol=1
2026-09-06 22:44:49.927  VOLUME | 1
2026-09-06 22:44:50.064  CMD VOLUME | 0639243242900627898_000089.cmd | Vol=1
2026-09-06 22:44:50.065  VOLUME | 1
2026-09-06 22:44:51.748  CMD STOP | 0639243242917250104_000090.cmd | Vol=0
2026-09-06 22:44:51.749  STOP
2026-09-06 22:44:51.751  WMP STATE 1 = Stopped
2026-09-06 22:44:52.146  META | Artist= | Title=KissFM OLD SCHOOL HIPHOP | Name=KissFM OLD SCHOOL HIPHOP
2026-09-06 22:48:00.662  CMD PLAY | 0639243244806592220_000091.cmd | Vol=2
2026-09-06 22:48:00.669  URL GESETZT | Vol=2 | https://stream.kissfm.de/kissfm-hiphop/mp3-192/internetradio
2026-09-06 22:48:01.027  PLAY AUFGERUFEN
2026-09-06 22:48:01.031  CMD VOLUME | 0639243244806612746_000092.cmd | Vol=1
2026-09-06 22:48:01.032  VOLUME | 1
2026-09-06 22:48:01.036  WMP STATE 9 = Transitioning
2026-09-06 22:48:02.417  META | Artist= | Title=internetradio | Name=internetradio
2026-09-06 22:48:02.465  CMD VOLUME | 0639243244807712718_000093.cmd | Vol=1
2026-09-06 22:48:02.466  VOLUME | 1
2026-09-06 22:48:03.707  WMP STATE 6 = Buffering
2026-09-06 22:48:04.389  WMP STATE 3 = Playing
2026-09-06 22:48:04.531  META | Artist= | Title=KissFM OLD SCHOOL HIPHOP | Name=KissFM OLD SCHOOL HIPHOP
2026-09-06 22:49:19.739  CMD VOLUME | 0639243245584941258_000094.cmd | Vol=1
2026-09-06 22:49:19.741  VOLUME | 1
2026-09-06 22:49:19.744  CMD VOLUME | 0639243245586307378_000095.cmd | Vol=1
2026-09-06 22:49:19.746  VOLUME | 1
2026-09-06 22:49:19.750  CMD VOLUME | 0639243245587663067_000096.cmd | Vol=2
2026-09-06 22:49:19.765  VOLUME | 2
2026-09-06 22:49:19.768  CMD VOLUME | 0639243245589006485_000097.cmd | Vol=1
2026-09-06 22:49:19.769  VOLUME | 1
2026-09-06 22:49:19.772  CMD VOLUME | 0639243245590334693_000098.cmd | Vol=1
2026-09-06 22:49:19.773  VOLUME | 1
2026-09-06 22:50:03.049  ICY META | JURASSIC 5 - REMEMBER HIS NAME
2026-09-06 22:50:03.050  META | Artist=JURASSIC 5 | Title=REMEMBER HIS NAME | Name=JURASSIC 5 - REMEMBER HIS NAME
2026-09-06 22:50:43.971  CMD VOLUME | 0639243246439519803_000099.cmd | Vol=1
2026-09-06 22:50:43.983  VOLUME | 1
2026-09-06 22:50:44.127  CMD VOLUME | 0639243246440878764_000100.cmd | Vol=1
2026-09-06 22:50:44.128  VOLUME | 1
2026-09-06 22:50:44.234  CMD VOLUME | 0639243246442199963_000101.cmd | Vol=2
2026-09-06 22:50:44.236  VOLUME | 2
2026-09-06 22:50:44.357  CMD VOLUME | 0639243246443520546_000102.cmd | Vol=2
2026-09-06 22:50:44.358  VOLUME | 2
2026-09-06 22:50:44.495  CMD VOLUME | 0639243246444855618_000103.cmd | Vol=1
2026-09-06 22:50:44.496  VOLUME | 1
2026-09-06 22:50:44.667  CMD VOLUME | 0639243246446207965_000104.cmd | Vol=1
2026-09-06 22:50:44.668  VOLUME | 1
2026-09-06 22:50:59.043  CMD VOLUME | 0639243246590042626_000105.cmd | Vol=1
2026-09-06 22:50:59.044  VOLUME | 1
2026-09-06 22:50:59.182  CMD VOLUME | 0639243246591371968_000106.cmd | Vol=1
2026-09-06 22:50:59.182  VOLUME | 1
2026-09-06 22:50:59.274  CMD VOLUME | 0639243246592687015_000107.cmd | Vol=2
2026-09-06 22:50:59.275  VOLUME | 2
2026-09-06 22:50:59.414  CMD VOLUME | 0639243246593996868_000108.cmd | Vol=2
2026-09-06 22:50:59.415  VOLUME | 2
2026-09-06 22:50:59.536  CMD VOLUME | 0639243246595296001_000109.cmd | Vol=2
2026-09-06 22:50:59.546  VOLUME | 2
2026-09-06 22:50:59.673  CMD VOLUME | 0639243246596637342_000110.cmd | Vol=2
2026-09-06 22:50:59.674  VOLUME | 2
2026-09-06 22:50:59.813  CMD VOLUME | 0639243246597965220_000111.cmd | Vol=2
2026-09-06 22:50:59.814  VOLUME | 2
2026-09-06 22:51:14.747  CMD STOP | 0639243246747121203_000112.cmd | Vol=0
2026-09-06 22:51:14.749  STOP
2026-09-06 22:51:14.752  WMP STATE 1 = Stopped
2026-09-06 22:51:15.054  META | Artist= | Title=KissFM OLD SCHOOL HIPHOP | Name=KissFM OLD SCHOOL HIPHOP
2026-09-06 22:51:42.842  CMD PLAY | 0639243247028379716_000113.cmd | Vol=2
2026-09-06 22:51:42.847  URL GESETZT | Vol=2 | https://stream.kissfm.de/kissfm-hiphop/mp3-192/internetradio
2026-09-06 22:51:43.206  PLAY AUFGERUFEN
2026-09-06 22:51:43.208  WMP STATE 9 = Transitioning
2026-09-06 22:51:44.768  ICY META | JURASSIC 5 - REMEMBER HIS NAME
2026-09-06 22:51:44.769  META | Artist=JURASSIC 5 | Title=REMEMBER HIS NAME | Name=JURASSIC 5 - REMEMBER HIS NAME
2026-09-06 22:51:44.815  CMD VOLUME | 0639243247045570813_000114.cmd | Vol=2
2026-09-06 22:51:44.816  VOLUME | 2
2026-09-06 22:51:44.820  CMD VOLUME | 0639243247046758265_000115.cmd | Vol=1
2026-09-06 22:51:44.821  VOLUME | 1
2026-09-06 22:51:44.824  CMD VOLUME | 0639243247047941717_000116.cmd | Vol=1
2026-09-06 22:51:44.824  VOLUME | 1
2026-09-06 22:51:44.922  CMD VOLUME | 0639243247049134250_000117.cmd | Vol=1
2026-09-06 22:51:44.923  VOLUME | 1
2026-09-06 22:51:45.862  WMP STATE 6 = Buffering
2026-09-06 22:51:46.578  WMP STATE 3 = Playing
2026-09-06 22:51:53.647  CMD QUIT | 0639243247125817712_000118.cmd | Vol=0
2026-09-06 22:51:53.648  QUIT
2026-09-06 22:51:53.650  WMP STATE 1 = Stopped
2026-09-06 22:51:53.652  PLAY RETRY | State=1
2026-09-06 22:51:53.953  EXTERNAL PLAYER ENDE
2026-09-06 22:52:00.868  EXTERNAL PLAYER V11.2.5 WMP + ICY META START | PID=7644 | Parent=8360 | Apartment=STA
2026-09-06 22:52:00.922  WMP BEREIT
2026-09-06 22:52:00.957  WMP STATE 0 = Undefined
2026-09-06 22:52:01.063  CMD PLAY | 0639243247209520734_000001.cmd | Vol=2
2026-09-06 22:52:01.107  URL GESETZT | Vol=2 | https://wdr-1live-hiphoprnb.icecast.wdr.de/wdr/1live/hiphoprnb/mp3/128/stream.mp3
2026-09-06 22:52:01.463  PLAY AUFGERUFEN
2026-09-06 22:52:01.470  CMD VOLUME | 0639243247209582150_000002.cmd | Vol=2
2026-09-06 22:52:01.471  VOLUME | 2
2026-09-06 22:52:01.473  WMP STATE 9 = Transitioning
2026-09-06 22:52:01.979  ICY META | 1LIVE - R
2026-09-06 22:52:01.990  META | Artist=1LIVE | Title=R | Name=1LIVE - R
2026-09-06 22:52:02.038  CMD VOLUME | 0639243247210722036_000003.cmd | Vol=2
2026-09-06 22:52:02.040  VOLUME | 2
2026-09-06 22:52:02.070  CMD VOLUME | 0639243247212630166_000004.cmd | Vol=1
2026-09-06 22:52:02.093  VOLUME | 1
2026-09-06 22:52:02.096  CMD VOLUME | 0639243247213682482_000005.cmd | Vol=1
2026-09-06 22:52:02.097  VOLUME | 1
2026-09-06 22:52:02.104  WMP STATE 6 = Buffering
2026-09-06 22:52:03.083  WMP STATE 3 = Playing
2026-09-06 22:54:15.708  CMD VOLUME | 0639243248556905254_000006.cmd | Vol=1
2026-09-06 22:54:15.709  VOLUME | 1
2026-09-06 22:54:15.866  CMD VOLUME | 0639243248558255014_000007.cmd | Vol=1
2026-09-06 22:54:15.874  VOLUME | 1
2026-09-06 22:54:15.972  CMD VOLUME | 0639243248559574285_000008.cmd | Vol=2
2026-09-06 22:54:15.973  VOLUME | 2
2026-09-06 22:54:16.110  CMD VOLUME | 0639243248560908407_000009.cmd | Vol=2
2026-09-06 22:54:16.110  VOLUME | 2
2026-09-06 22:54:16.249  CMD VOLUME | 0639243248562263387_000010.cmd | Vol=2
2026-09-06 22:54:16.249  VOLUME | 2
2026-09-06 22:54:16.387  CMD VOLUME | 0639243248563620064_000011.cmd | Vol=2
2026-09-06 22:54:16.388  VOLUME | 2
2026-09-06 22:54:16.526  CMD VOLUME | 0639243248564962812_000012.cmd | Vol=2
2026-09-06 22:54:16.527  VOLUME | 2
2026-09-06 22:54:28.318  CMD VOLUME | 0639243248682720973_000013.cmd | Vol=2
2026-09-06 22:54:28.318  VOLUME | 2
2026-09-06 22:54:28.439  CMD VOLUME | 0639243248684192798_000014.cmd | Vol=1
2026-09-06 22:54:28.440  VOLUME | 1
2026-09-06 22:54:28.562  CMD VOLUME | 0639243248685430768_000015.cmd | Vol=1
2026-09-06 22:54:28.563  VOLUME | 1
2026-09-06 22:54:39.768  CMD VOLUME | 0639243248797502091_000016.cmd | Vol=1
2026-09-06 22:54:39.769  VOLUME | 1
2026-09-06 22:54:39.905  CMD VOLUME | 0639243248798830008_000017.cmd | Vol=1
2026-09-06 22:54:39.906  VOLUME | 1
2026-09-06 22:54:40.030  CMD VOLUME | 0639243248800147906_000018.cmd | Vol=2
2026-09-06 22:54:40.031  VOLUME | 2
2026-09-06 22:54:40.169  CMD VOLUME | 0639243248801481408_000019.cmd | Vol=2
2026-09-06 22:54:40.170  VOLUME | 2
2026-09-06 22:54:40.309  CMD VOLUME | 0639243248802795884_000020.cmd | Vol=2
2026-09-06 22:54:40.333  VOLUME | 2
2026-09-06 22:54:40.430  CMD VOLUME | 0639243248804076534_000021.cmd | Vol=2
2026-09-06 22:54:40.431  VOLUME | 2
2026-09-06 22:54:40.553  CMD VOLUME | 0639243248805322717_000022.cmd | Vol=2
2026-09-06 22:54:40.565  VOLUME | 2
2026-09-06 22:54:47.775  CMD VOLUME | 0639243248877531533_000023.cmd | Vol=2
2026-09-06 22:54:47.776  VOLUME | 2
2026-09-06 22:54:47.917  CMD VOLUME | 0639243248878790261_000024.cmd | Vol=1
2026-09-06 22:54:47.919  VOLUME | 1
2026-09-06 22:54:48.009  CMD VOLUME | 0639243248880030580_000025.cmd | Vol=1
2026-09-06 22:54:48.033  VOLUME | 1
2026-09-06 22:55:19.080  CMD VOLUME | 0639243249190754598_000026.cmd | Vol=1
2026-09-06 22:55:19.081  VOLUME | 1
2026-09-06 22:55:19.234  CMD VOLUME | 0639243249192163524_000027.cmd | Vol=1
2026-09-06 22:55:19.235  VOLUME | 1
2026-09-06 22:55:19.407  CMD VOLUME | 0639243249193589342_000028.cmd | Vol=2
2026-09-06 22:55:19.408  VOLUME | 2
2026-09-06 22:55:19.545  CMD VOLUME | 0639243249194997400_000029.cmd | Vol=2
2026-09-06 22:55:19.546  VOLUME | 2
2026-09-06 22:55:19.685  CMD VOLUME | 0639243249196460531_000030.cmd | Vol=1
2026-09-06 22:55:19.686  VOLUME | 1
2026-09-06 22:55:19.804  CMD VOLUME | 0639243249197861421_000031.cmd | Vol=1
2026-09-06 22:55:19.805  VOLUME | 1
2026-09-06 22:55:20.500  CMD STOP | 0639243249204738744_000032.cmd | Vol=0
2026-09-06 22:55:20.501  STOP
2026-09-06 22:55:20.503  WMP STATE 1 = Stopped
2026-09-06 22:55:21.023  META | Artist= | Title=1live_hiphoprnb | Name=1live_hiphoprnb
2026-09-06 22:57:28.886  CMD PLAY | 0639243250488467334_000033.cmd | Vol=2
2026-09-06 22:57:28.898  URL GESETZT | Vol=2 | https://wdr-1live-hiphoprnb.icecast.wdr.de/wdr/1live/hiphoprnb/mp3/128/stream.mp3
2026-09-06 22:57:29.264  PLAY AUFGERUFEN
2026-09-06 22:57:29.267  WMP STATE 9 = Transitioning
2026-09-06 22:57:29.658  ICY META | 1LIVE - R
2026-09-06 22:57:29.659  META | Artist=1LIVE | Title=R | Name=1LIVE - R
2026-09-06 22:57:29.705  WMP STATE 6 = Buffering
2026-09-06 22:57:31.119  WMP STATE 3 = Playing
2026-09-06 22:57:36.429  CMD VOLUME | 0639243250564116688_000034.cmd | Vol=3
2026-09-06 22:57:36.430  VOLUME | 3
2026-09-06 22:57:36.875  CMD VOLUME | 0639243250568557386_000035.cmd | Vol=4
2026-09-06 22:57:36.876  VOLUME | 4
2026-09-06 22:57:37.709  CMD VOLUME | 0639243250574205551_000036.cmd | Vol=5
2026-09-06 22:57:37.710  VOLUME | 5
2026-09-06 22:57:37.847  CMD VOLUME | 0639243250578449339_000037.cmd | Vol=6
2026-09-06 22:57:37.849  VOLUME | 6
2026-09-06 22:58:01.690  CMD VOLUME | 0639243250816703335_000038.cmd | Vol=5
2026-09-06 22:58:01.691  VOLUME | 5
2026-09-06 22:58:02.063  CMD VOLUME | 0639243250817999564_000039.cmd | Vol=3
2026-09-06 22:58:02.064  VOLUME | 3
2026-09-06 22:58:02.067  CMD VOLUME | 0639243250819312781_000040.cmd | Vol=2
2026-09-06 22:58:02.068  VOLUME | 2
2026-09-06 22:58:05.156  CMD STOP | 0639243250851491568_000041.cmd | Vol=0
2026-09-06 22:58:05.172  STOP
2026-09-06 22:58:05.176  WMP STATE 1 = Stopped
2026-09-06 22:58:05.856  META | Artist= | Title=1live_hiphoprnb | Name=1live_hiphoprnb
2026-09-06 22:58:09.925  CMD PLAY | 0639243250899058641_000042.cmd | Vol=6
2026-09-06 22:58:09.935  URL GESETZT | Vol=6 | https://wdr-1live-hiphoprnb.icecast.wdr.de/wdr/1live/hiphoprnb/mp3/128/stream.mp3
2026-09-06 22:58:10.306  PLAY AUFGERUFEN
2026-09-06 22:58:10.309  WMP STATE 6 = Buffering
2026-09-06 22:58:10.573  ICY META | 1LIVE - R
2026-09-06 22:58:10.574  META | Artist=1LIVE | Title=R | Name=1LIVE - R
2026-09-06 22:58:11.912  WMP STATE 3 = Playing
2026-09-06 22:58:15.410  CMD VOLUME | 0639243250953639024_000043.cmd | Vol=5
2026-09-06 22:58:15.413  VOLUME | 5
2026-09-06 22:58:15.534  CMD VOLUME | 0639243250954923939_000044.cmd | Vol=3
2026-09-06 22:58:15.535  VOLUME | 3
2026-09-06 22:58:15.639  CMD VOLUME | 0639243250956196100_000045.cmd | Vol=2
2026-09-06 22:58:15.640  VOLUME | 2
2026-09-06 22:58:24.506  CMD VOLUME | 0639243251044633000_000046.cmd | Vol=3
2026-09-06 22:58:24.516  VOLUME | 3
2026-09-06 22:58:24.612  CMD VOLUME | 0639243251045899782_000047.cmd | Vol=3
2026-09-06 22:58:24.613  VOLUME | 3
2026-09-06 22:58:24.737  CMD VOLUME | 0639243251047173407_000048.cmd | Vol=4
2026-09-06 22:58:24.738  VOLUME | 4
2026-09-06 22:58:24.859  CMD VOLUME | 0639243251048436929_000049.cmd | Vol=5
2026-09-06 22:58:24.860  VOLUME | 5
2026-09-06 22:58:25.015  CMD VOLUME | 0639243251049734202_000050.cmd | Vol=5
2026-09-06 22:58:25.015  VOLUME | 5
2026-09-06 22:58:25.106  CMD VOLUME | 0639243251051012450_000051.cmd | Vol=6
2026-09-06 22:58:25.107  VOLUME | 6
2026-09-06 22:58:25.245  CMD VOLUME | 0639243251052275725_000052.cmd | Vol=6
2026-09-06 22:58:25.246  VOLUME | 6
2026-09-06 22:58:25.387  CMD VOLUME | 0639243251053542069_000053.cmd | Vol=6
2026-09-06 22:58:25.388  VOLUME | 6
2026-09-06 22:58:30.630  CMD VOLUME | 0639243251106022017_000054.cmd | Vol=7
2026-09-06 22:58:30.632  VOLUME | 7
2026-09-06 22:58:31.062  CMD VOLUME | 0639243251110168412_000055.cmd | Vol=8
2026-09-06 22:58:31.063  VOLUME | 8
2026-09-06 22:58:31.711  CMD VOLUME | 0639243251117054153_000056.cmd | Vol=9
2026-09-06 22:58:31.713  VOLUME | 9
2026-09-06 23:07:21.059  CMD VOLUME | 0639243256410566522_000057.cmd | Vol=7
2026-09-06 23:07:21.060  VOLUME | 7
2026-09-06 23:07:21.245  CMD VOLUME | 0639243256411963118_000058.cmd | Vol=5
2026-09-06 23:07:21.246  VOLUME | 5
2026-09-06 23:07:21.382  CMD VOLUME | 0639243256413354378_000059.cmd | Vol=3
2026-09-06 23:07:21.385  VOLUME | 3
2026-09-06 23:07:25.019  CMD VOLUME | 0639243256449953887_000060.cmd | Vol=4
2026-09-06 23:07:25.020  VOLUME | 4
2026-09-06 23:07:25.141  CMD VOLUME | 0639243256451299771_000061.cmd | Vol=5
2026-09-06 23:07:25.142  VOLUME | 5
2026-09-06 23:07:25.280  CMD VOLUME | 0639243256452671337_000062.cmd | Vol=6
2026-09-06 23:07:25.282  VOLUME | 6
2026-09-06 23:07:25.418  CMD VOLUME | 0639243256454014379_000063.cmd | Vol=7
2026-09-06 23:07:25.419  VOLUME | 7
2026-09-06 23:07:25.558  CMD VOLUME | 0639243256455366955_000064.cmd | Vol=8
2026-09-06 23:07:25.559  VOLUME | 8
2026-09-06 23:07:25.686  CMD VOLUME | 0639243256456723245_000065.cmd | Vol=9
2026-09-06 23:07:25.687  VOLUME | 9
2026-09-06 23:07:25.820  CMD VOLUME | 0639243256458088949_000066.cmd | Vol=9
2026-09-06 23:07:25.821  VOLUME | 9
2026-09-06 23:07:30.444  CMD VOLUME | 0639243256504112568_000067.cmd | Vol=7
2026-09-06 23:07:30.445  VOLUME | 7
2026-09-06 23:07:30.564  CMD VOLUME | 0639243256505482475_000068.cmd | Vol=5
2026-09-06 23:07:30.565  VOLUME | 5
2026-09-06 23:07:30.703  CMD VOLUME | 0639243256506863929_000069.cmd | Vol=3
2026-09-06 23:07:30.704  VOLUME | 3
2026-09-06 23:07:35.421  CMD VOLUME | 0639243256553787677_000070.cmd | Vol=4
2026-09-06 23:07:35.423  VOLUME | 4
2026-09-06 23:07:35.560  CMD VOLUME | 0639243256555164834_000071.cmd | Vol=5
2026-09-06 23:07:35.561  VOLUME | 5
2026-09-06 23:07:35.698  CMD VOLUME | 0639243256556547900_000072.cmd | Vol=6
2026-09-06 23:07:35.700  VOLUME | 6
2026-09-06 23:07:35.819  CMD VOLUME | 0639243256557962481_000073.cmd | Vol=7
2026-09-06 23:07:35.820  VOLUME | 7
2026-09-06 23:07:35.959  CMD VOLUME | 0639243256559396708_000074.cmd | Vol=8
2026-09-06 23:07:35.960  VOLUME | 8
2026-09-06 23:07:36.097  CMD VOLUME | 0639243256560822201_000075.cmd | Vol=9
2026-09-06 23:07:36.099  VOLUME | 9
2026-09-06 23:07:36.251  CMD VOLUME | 0639243256562269459_000076.cmd | Vol=9
2026-09-06 23:07:36.252  VOLUME | 9
2026-09-06 23:07:44.231  CMD STOP | 0639243256642088689_000077.cmd | Vol=0
2026-09-06 23:07:44.233  STOP
2026-09-06 23:07:44.235  WMP STATE 1 = Stopped
2026-09-06 23:07:44.401  META | Artist= | Title=1live_hiphoprnb | Name=1live_hiphoprnb
2026-09-06 23:08:57.009  CMD PLAY | 0639243257369968423_000078.cmd | Vol=9
2026-09-06 23:08:57.021  URL GESETZT | Vol=9 | https://wdr-1live-hiphoprnb.icecast.wdr.de/wdr/1live/hiphoprnb/mp3/128/stream.mp3
2026-09-06 23:08:57.375  PLAY AUFGERUFEN
2026-09-06 23:08:57.379  WMP STATE 9 = Transitioning
2026-09-06 23:08:57.799  ICY META | 1LIVE - R
2026-09-06 23:08:57.800  META | Artist=1LIVE | Title=R | Name=1LIVE - R
2026-09-06 23:08:57.844  WMP STATE 6 = Buffering
2026-09-06 23:08:59.166  WMP STATE 3 = Playing
2026-09-06 23:09:02.866  CMD VOLUME | 0639243257428552549_000079.cmd | Vol=7
2026-09-06 23:09:02.867  VOLUME | 7
2026-09-06 23:09:03.014  CMD VOLUME | 0639243257429917952_000080.cmd | Vol=5
2026-09-06 23:09:03.015  VOLUME | 5
2026-09-06 23:09:03.129  CMD VOLUME | 0639243257431279519_000081.cmd | Vol=3
2026-09-06 23:09:03.130  VOLUME | 3
2026-09-06 23:09:14.780  PARENT NICHT MEHR AKTIV - ENDE
2026-09-06 23:09:15.047  EXTERNAL PLAYER ENDE
